"CODICE CORSO DI STUDI";"CORSO DI STUDI";"CODICE TIPOLOGIA";TIPOLOGIA;URL;
006900;"CORSO AGGIUNTIVO PER IL SOSTEGNO";ASP;"Corso Abilitante";;
008501;"BIOLOGIA CELLULARE E MOLECOLARE";LM;"Laurea Magistrale";http://lmbiologia.campusnet.unito.it/do/home.pl/View?doc=LM_BiologiaCellulareMolecolare.html;
008703;FISICA;L;"Laurea triennale (DM270)";http://fisica.campusnet.unito.it/do/home.pl/View?doc=Orientamento/organizzazione_del_corso_di_studi.html;
008208;"BIOLOGIA DELL'AMBIENTE E DEL LAVORO";LS;"Laurea specialistica";www.biologia.unito.it;
070320;"CORSO DI LAUREA IN IGIENE DENTALE (ABILITANTE ALLA PROFESSIONE SANITARIA IN IGIENISTA DENTALE)";LT;"Laurea triennale (DM509)";www.medicina.unito.it;
006207;"PROGRAMMAZIONE E GESTIONE DEI SERVIZI EDUCATIVI E FORMATIVI";LS;"Laurea specialistica";www.sciform.unito.it;
070308;"ORTOTTICA ED ASSISTENZA OFTALMOLOGICA (ABILITANTE ALLA PROFESSIONE SANITARIA DI ORTOTTISTA ED ASSISTENTE DI OFTALMOLOGIA )";LT;"Laurea triennale (DM509)";www.medicina.unito.it;
012310;"LINGUE E LETTERATURE MODERNE";LT;"Laurea triennale (DM509)";;
070315;"TECNICHE DI NEUROFISIOPATOLOGIA (ABILITANTE ALLA PROFESSIONE SANITARIA DI TECNICO DI NEUROFISIOPATOLOGIA)";LT;"Laurea triennale (DM509)";www.medicina.unito.it;
102322;"ECONOMIA  E COMMERCIO";LT;"Laurea triennale (DM509)";www.econ.unito.it;
102205;"ECONOMIA E DIRITTO DELL'IMPRESA";LS;"Laurea specialistica";www.econ.unito.it;
009705;"STUDI INTERNAZIONALI, DELLO SVILUPPO E DELLA COOPERAZIONE";L;"Laurea triennale (DM270)";www.scipol.unito.it;
009502;"SCIENZE DEL GOVERNO E DELL'AMMINISTRAZIONE";LM;"Laurea Magistrale";www.scipol.unito.it;
005212;"CULTURE MODERNE COMPARATE";LS;"Laurea specialistica";www.lettere.unito.it;
008201;NEUROBIOLOGIA;LS;"Laurea specialistica";http://biologia.campusnet.unito.it;
008202;"SCIENZE BIOMOLECOLARI";LS;"Laurea specialistica";www.biologia.unito.it;
005306;"COMUNICAZIONE INTERCULTURALE";LT;"Laurea triennale (DM509)";www.lettere.unito.it;
102302;"CONSULENTE ECONOMICO-GIURIDICO D'IMPRESA";LT;"Laurea triennale (DM509)";www.econ.unito.it;
090204;"SCIENZE ASSICURATIVE E ATTUARIALI";LS;"Laurea specialistica";www.econ.unito.it;
001302;"VITICOLTURA E ENOLOGIA";LT;"Laurea triennale (DM509)";www.agraria.unito.it;
009307;"SCIENZE POLITICHE";LT;"Laurea triennale (DM509)";www.scipol.unito.it;
070307;"LOGOPEDIA (ABILITANTE ALLA PROFESSIONE SANITARIA DI LOGOPEDISTA)";LT;"Laurea triennale (DM509)";www.medicina.unito.it;
102306;"ECONOMIA, TERRITORIO E AMBIENTE";LT;"Laurea triennale (DM509)";www.econ.unito.it;
102323;"ECONOMIA E GESTIONE  DEL TURISMO";LT;"Laurea triennale (DM509)";www.econ.unito.it;
009304;"SERVIZIO SOCIALE - CUNEO";LT;"Laurea triennale (DM509)";http://hal9000.cisi.unito.it/wf/FACOLTA/Scienze-Po/Cdl-triennali/Servizio-sociale-CUNEO/index.htm;
008237;"LOGICA COMPUTAZIONALE";LS;"Laurea specialistica";www.scienzemfn.unito.it;
008211;"FISICA DELLE TECNOLOGIE  AVANZATE";LS;"Laurea specialistica";www.ph.unito.it;
005202;"SCIENZE LINGUISTICHE";LS;"Laurea specialistica";www.lettere.unito.it;
055203;"SCIENZE STRATEGICHE E DELLE COMUNICAZIONI";LS;"Laurea specialistica";http://www.scienzestrat.unito.it/;
102505;"ECONOMIA E DIRITTO";LM;"Laurea Magistrale";www.econ.unito.it;
005510;"PRODUZIONE E ORGANIZZAZIONE DELLA COMUNICAZIONE E DELLA CONOSCENZA";LM;"Laurea Magistrale";http://www.didattica-cps.unito.it/do/home.pl/View?doc=corsi_di_studio/produzione_comunicazione/presentazione.html;
008519;"METODOLOGIE CHIMICHE AVANZATE";LM;"Laurea Magistrale";http://chimica.campusnet.unito.it/cgi-bin/home.pl/View?doc=LM_MCA.html;
0401M21;"COOPERAZIONE, SVILUPPO E INNOVAZIONE NELL’ ECONOMIA GLOBALE";LM;"Laurea Magistrale";http://www.didattica-est.unito.it/do/home.pl/View?doc=/corsi_di_laurea_magistrale/cooperazione_sviluppo_innovazione_lm81.html;
005703;STORIA;L;"Laurea triennale (DM270)";http://storia.campusnet.unito.it;
005109;"BIOETICA ED ETICA APPLICATA";M1;"Master di Primo Livello";;
006501;"TELEVISIONE E NUOVI MEDIA";LM;"Laurea Magistrale";http://sciformspec.campusnet.unito.it;
007832;RADIODIAGNOSTICA;SP5;"Scuola di Specializzazione";;
007831;PSICHIATRIA;SP5;"Scuola di Specializzazione";;
011104;"COMPETENZE RELAZIONALI PER INSEGNANTI CHE INTERAGISCONO CON ALUNNI E FAMIGLIE IN DIFFICOLTA'.";M2;"Master di Secondo Livello";;
007904;EPIDEMIOLOGIA;M2;"Master di Secondo Livello";;
007929;"MANAGEMENT OSTETRICO PER LE FUNZIONI DI COORDINAMENTO DELL'AREA MATERNO INFANTILE";M1;"Master di Primo Livello";;
700938;"ORGANIZZAZIONE E COORDINAMENTO DELLE PROFESSIONI TECNICO SANITARIE";M1;"Master di Primo Livello";;
070701;"INFERMIERISTICA (ABILITANTE ALLA PROFESSIONE SANITARIA DI INFERMIERE)";L;"Laurea triennale (DM270)";http://medtriennalito.campusnet.unito.it/cgi-bin/home.pl;
071101;"MEDICINA ORALE E CURE ODONTOIATRICHE IN PAZIENTI A RISCHIO.";M2;"Master di Secondo Livello";;
071106;"TERAPIE ESPRESSIVE E ABILITAZIONE IN PSICHIATRIA";M1;"Master di Primo Livello";;
008717;"CHIMICA E TECNOLOGIE CHIMICHE";L;"Laurea triennale (DM270)";http://chimicaetecnologie.campusnet.unito.it/do/home.pl;
006109;"TEATRO SOCIALE E DI COMUNITA'";M1;"Master di Primo Livello";;
010109;"RIABILITAZIONE EQUESTRE";M1;"Master di Primo Livello";;
007925;"MALATTIE RARE";M2;"Master di Secondo Livello";;
009113;"ECONOMIA DEL LAVORO APPLICATA PER LO SVILUPPO";M1;"Master di Primo Livello";;
371002;"BODY AFFECTIVE MINDFULNESS - ELABORARE LE EMOZIONI ATTRAVERSO LA CONSAPEVOLEZZA DEL CORPO";CPA;"Corso di Perfezionamento";;
092403;"POLITICHE ED ECONOMIA SANITARIA";CAFP;"Corsi di alta formazione professionale";;
090209;"SCIENZE DELLE RELIGIONI";LS;"Laurea specialistica";www.scipol.unito.it;
102202;"BUSINESS ADMINISTRATION";LS;"Laurea specialistica";www.econ.unito.it;
008105;"INFORMATICA GESTIONALE TECNOLOGIA E APPLICAZIONI DEI SISTEMI ERP-ENTERPRISE RESOURCE PLANNING";M1;"Master di Primo Livello";;
006104;"SCRITTURA DEI PRODOTTI AUDIOVISIVI E MULTIMEDIALI";M1;"Master di Primo Livello";;
007816;"MALATTIE DELL'APPARATO CARDIOVASCOLARE";SP5;"Scuola di Specializzazione";;
007823;"MEDICINA NUCLEARE";SP5;"Scuola di Specializzazione";;
102110;"DESTINAZIONE CULTURA - ECONOMIA E MANAGEMENT DELLA CULTURA";M1;"Master di Primo Livello";;
007819;"MEDICINA DEL LAVORO";SP5;"Scuola di Specializzazione";;
007603;"MEDICINA E CHIRURGIA";LM6;"Laurea Magistrale Ciclo Unico 6 anni";http://medchirurgia.campusnet.unito.it/do/home.pl;
010666;"CORSO SINGOLO";CS;"Corso Singolo";;
006513;"ARTI PERFORMATIVE";LM;"Laurea Magistrale";;
005710;"BENI CULTURALI - ARCHEOLOGIA, STORIA DELL'ARTE, ARCHIVISTICA E BIBLIOTECONOMIA";L;"Laurea triennale (DM270)";http://beniculturali.campusnet.unito.it/do/home.pl;
071808;"ORTOPEDIA E TRAUMATOLOGIA";SP5;"Scuola di Specializzazione";;
057204;"A038 - FISICA";TFA;"Tirocinio formativo attivo";;
102401;"ORGANIZZAZIONE E CONTROLLO DEI COSTI NELLA SANITA' PUBBLICA";CAFP;"Corsi di alta formazione professionale";;
090117;"INFERMIERISTICA DI FAMIGLIA E DI COMUNITA'";M1;"Master di Primo Livello";;
700978;"MEDICINA MATERNO FETALE";M2;"Master di Secondo Livello";;
090133;"PUBLIC PROCUREMENT MANAGEMENT FOR SUSTAINABLE DEVELOPMENT (IN RWANDA)";M1;"Master di Primo Livello";;
008113;"PROFESSIONE FORMATORE IN DIDATTICA DELLA MATEMATICA";M2;"Master di Secondo Livello";;
0402L31;"ECONOMIA E STATISTICA PER LE ORGANIZZAZIONI";L;"Laurea triennale (DM270)";http://www.didattica-est.unito.it/do/home.pl/View?doc=/corsi_di_laurea_triennale/economia_statistica_l33.html;
M22001;"DIREZIONE MEDICA DI PRESIDIO OSPEDALIERO";M2;"Master di Secondo Livello";;
PAS010;"A036 - FILOSOFIA, PSICOLOGIA E SCIENZE DELL'EDUCAZIONE";PAS;"Percorso abilitante speciale";;
M11007;"SOSTENIBILITA' DEL TERRITORIO E DELLA FILIERA AGROALIMENTARE";M1;"Master di Primo Livello";;
CFP003;"FORMARE I FORMATORI: GESTIONE D'AULA E METODOLOGIE DIDATTICHE";CAFP;"Corsi di alta formazione professionale";;
CFP035;"DIDATTICA E PSICOPEDAGOGIA PER ALUNNI CON DISABILITA' SENSORIALI";CAFP;"Corsi di alta formazione professionale";;
CFP027;"MANAGEMENT E PRODUTTIVITÀ DELL’AZIENDA PUBBLICA TERRITORIALE";CAFP;"Corsi di alta formazione professionale";;
TFA042;"A007 - ARTE DELLA FOTOGRAFIA E GRAFICA PUBBLICITARIA";TFA;"Tirocinio formativo attivo";;
TFA002;"A018 - DISCIPLINE GEOMETRICHE, ARCHITETTONICHE ARREDAMENTO E SCENOTECNICA";TFA;"Tirocinio formativo attivo";;
TFA003;"A019 - DISCIPLINE GIURIDICHE ED ECONOMICHE";TFA;"Tirocinio formativo attivo";;
CPA003;"MONITORAGGIO TERAPEUTICO DI FARMACI IN ONCOLOGIA E MEDICINA SPECIALISTICA";CPA;"Corso di Perfezionamento";;
PAS016;"A050 - MATERIE LETTERARIE NEGLI ISTITUTI DI ISTRUZIONE SECONDARIA DI II GRADO";PAS;"Percorso abilitante speciale";;
PAS017;"A051 - MATERIE LETTERARIE E LATINO NEI LICEI E NELL'ISTITUTO MAGISTRALE";PAS;"Percorso abilitante speciale";;
PAS020;"A061 - STORIA DELL'ARTE";PAS;"Percorso abilitante speciale";;
PASA04;"A048 - MATEMATICA APPLICATA";PAS;"Percorso abilitante speciale";;
M11022;"INTERNATIONAL TRADE LAW (ON LINE)";M1;"Master di Primo Livello";;
TFA049;"A064 - TECNICA E ORGANIZZAZIONE DELLA PRODUZIONE CINEMATOGRAFICA E TELEVISIVA";TFA;"Tirocinio formativo attivo";;
M21012;"LE CARDIOPATIE CONGENITE - DAL FETO ALL'ADULTO";M2;"Master di Secondo Livello";;
SSST1;"SCUOLA DI STUDI SUPERIORI FERDINANDO ROSSI";ECC;"Istituto d`eccellenza";;
M11024;"BUSINESS ADMINISTRATION - EXECUTIVE PROGRAM";M1;"Master di Primo Livello";;
M22007;"CURE ODONTOSTOMATOLOGICHE IN PAZIENTI A RISCHIO";M2;"Master di Secondo Livello";;
TFA009;"A646 - LINGUA E CIVILTA' STRANIERA (RUSSO)";TFA;"Tirocinio formativo attivo";;
M22008;"BIOINGEGNERIA DENTO-PARODONTALE";M2;"Master di Secondo Livello";;
TFA026;"A055 - NAVIGAZIONE AEREA ED ESERCITAZIONI";TFA;"Tirocinio formativo attivo";;
TFA027;"A056 - NAVIGAZIONE, ARTE NAVALE ED ELEMENTI DI COSTRUZIONI NAVALI";TFA;"Tirocinio formativo attivo";;
TFA006;"A039 - GEOGRAFIA";TFA;"Tirocinio formativo attivo";;
TFA007;"A048 - MATEMATICA APPLICATA";TFA;"Tirocinio formativo attivo";;
TFA044;"A009 - ARTE DELLA STAMPA E DEL RESTAURO DEL LIBRO";TFA;"Tirocinio formativo attivo";;
M11026;"GLOBAL MARKETING & RETAIL MANAGEMENT";M1;"Master di Primo Livello";;
102507;"FINANZA AZIENDALE E MERCATI FINANZIARI";LM;"Laurea Magistrale";http://www.famf.unito.it;
009212;"RELAZIONI INTERNAZIONALI E TUTELA DEI DIRITTI UMANI";LS;"Laurea specialistica";www.scipol.unito.it;
290202;"GEOGRAFIA PER LO SVILUPPO E LE RISORSE PAESISTICHE";LS;"Laurea specialistica";www.geografia.unito.it;
102301;"BANCA, BORSA E ASSICURAZIONE";LT;"Laurea triennale (DM509)";www.econ.unito.it;
001310;"PRODUZIONI ANIMALI";LT;"Laurea triennale (DM509)";www.agraria.unito.it;
005209;"LETTERATURA, FILOLOGIA E LINGUISTICA ITALIANA";LS;"Laurea specialistica";www.lettere.unito.it;
055205;"SCIENZE STRATEGICHE ED ECONOMICO-AMMINISTRATIVE";LS;"Laurea specialistica";www.scienzestrat.unito.it;
008306;"SCIENZA DEI MATERIALI";LT;"Laurea triennale (DM509)";www.scienzadeimateriali.unito.it;
009703;"SCIENZE POLITICHE";L;"Laurea triennale (DM270)";www.scipol.unito.it;
009503;"SVILUPPO, AMBIENTE E COOPERAZIONE";LM;"Laurea Magistrale";www.scipol.unito.it;
009702;"SCIENZE DELL'AMMINISTRAZIONE E CONSULENZA DEL LAVORO";L;"Laurea triennale (DM270)";http://www.didattica-cps.unito.it;
006204;"PROCESSI EDUCATIVI E FORMAZIONE CONTINUA IN ETÀ ADULTA";LS;"Laurea specialistica";www.sciform.unito.it;
070310;"TECNICHE AUDIOMETRICHE (ABILITANTE ALLA PROFESSIONE SANITARIA DI AUDIOMETRISTA)";LT;"Laurea triennale (DM509)";;
005301;LETTERE;LT;"Laurea triennale (DM509)";www.lettere.unito.it;
091303;"SCIENZE MOTORIE E SPORTIVE";LT;"Laurea triennale (DM509)";http://hal9000.cisi.unito.it/scienzemotorie;
009213;"COOPERAZIONE, SVILUPPO, MERCATI TRANSNAZIONALI (GIÀ COOPERAZIONE, SVILUPPO, E MERCATI INTERNAZIONALI)";LS;"Laurea specialistica";www.scipol.it;
055204;"SCIENZE STRATEGICHE E LOGISTICHE";LS;"Laurea specialistica";http://www.scienzestrat.unito.it/;
055301;"CORSO DI LAUREA  TRIENNALE INTERFACOLTA' IN SCIENZE STRATEGICHE";LT;"Laurea triennale (DM509)";www.scienzestrat.unito.it;
008230;"EVOLUZIONE E DIVERSITÀ NEI SISTEMI NATURALI ( GIÀ SCIENZE DELLA NATURA ED EDUCAZIONE AMBIENTALE)";LS;"Laurea specialistica";http://www.dba.unito.it/naturali.html;
008214;"SISTEMI PER IL TRATTAMENTO DELL'INFORMAZIONE";LS;"Laurea specialistica";http://www.educ.di.unito.it/index.html;
004305;"SCIENZE GIURIDICHE (TORINO)";LT;"Laurea triennale (DM509)";www.giurisprudenza.unito.it;
102312;"COMMERCIO ESTERO";LT;"Laurea triennale (DM509)";www.econ.unito.it;
009301;"SERVIZIO SOCIALE - TORINO";LT;"Laurea triennale (DM509)";www.scipol.unito.it;
008536;"GEOLOGIA APPLICATA ALL'INGEGNERIA E ALL'AMBIENTE";LM;"Laurea Magistrale";http://geologia.campusnet.unito.it;
001702;"VITICOLTURA ED ENOLOGIA";L;"Laurea triennale (DM270)";http://agraria-offdid.campusnet.unito.it/do/home.pl/View?doc=paginecds/vitic_enol_270.html;
090509;"SCIENZE DELLE RELIGIONI";LM;"Laurea Magistrale";http://www.lettere.unito.it/cgi-bin/home.pl;
090506;"SCIENZE DEGLI ALIMENTI E DELLA NUTRIZIONE UMANA";LM;"Laurea Magistrale";http://nutrizione.campusnet.unito.it/do/home.pl;
008705;"SCIENZE BIOLOGICHE";L;"Laurea triennale (DM270)";http://biologia.campusnet.unito.it/do/home.pl;
006507;"PROGRAMMAZIONE E GESTIONE DEI SERVIZI EDUCATIVI E FORMATIVI";LM;"Laurea Magistrale";http://sciformeduc.campusnet.unito.it;
005501;FILOSOFIA;LM;"Laurea Magistrale";http://filosofialm.campusnet.unito.it/;
008508;"BIOLOGIA DELL'AMBIENTE";LM;"Laurea Magistrale";http://lmbiologia.campusnet.unito.it/do/home.pl/View?doc=LMBA_HOME.html;
006504;"SCIENZE DELL'EDUCAZIONE DEGLI ADULTI E DELLA FORMAZIONE CONTINUA";LM;"Laurea Magistrale";http://sciformeduc.campusnet.unito.it;
090505;"BIOTECNOLOGIE APPLICATE ALLA SANITA' UMANA ED ANIMALE";LM;"Laurea Magistrale";;
008708;MATEMATICA;L;"Laurea triennale (DM270)";http://www.matematica.unito.it/do/home.pl;
008540;"CHIMICA INDUSTRIALE";LM;"Laurea Magistrale";http://chimicaindustriale.campusnet.unito.it;
2711M21;"CINEMA E MEDIA";LM;"Laurea Magistrale";http://cinema.campusnet.unito.it/do/home.pl;
102511;"ECONOMIA E MANAGEMENT INTERNAZIONALE";LM;"Laurea Magistrale";www.econ.unito.it;
005702;FILOSOFIA;L;"Laurea triennale (DM270)";http://filosofia.campusnet.unito.it/do/home.pl;
090504;SOCIOLOGIA;LM;"Laurea Magistrale";http://www.didattica-cps.unito.it;
004109;"INTERNATIONAL CRIME AND JUSTICE";M1;"Master di Primo Livello";;
009710;"SCIENZE POLITICHE E SOCIALI";L;"Laurea triennale (DM270)";http://www.didattica-cps.unito.it;
071719;"TECNICA DELLA RIABILITAZIONE PSICHIATRICA (ABILITANTE ALLA PROFESSIONE SANITARIA DI TECNICO DELLA RIABILITAZIONE PSICHIATRICA)";L;"Laurea triennale (DM270)";http://riabilitazione.campusnet.unito.it/cgi-bin/home.pl;
009111;"ANALISI DELLE POLITICHE PUBBLICHE";M2;"Master di Secondo Livello";;
009104;"PEACEKEEPING MANAGEMENT";M1;"Master di Primo Livello";;
012503;"LINGUE STRANIERE PER LA  COMUNICAZIONE INTERNAZIONALE";LM;"Laurea Magistrale";http://www.dipartimentolingue.unito.it/comunicazioneinternazionale/oss-home.asp;
700970;"DERMATOPATOLOGIA PRATICA";M2;"Master di Secondo Livello";;
006510;"SCIENZE DELLA FORMAZIONE PRIMARIA";LM5;"Laurea Magistrale Ciclo Unico 5 anni";http://formazioneprimaria.campusnet.unito.it/do/home.pl;
005107;"SVILUPPO SOSTENIBILE E PROMOZIONE DEL TERRITORIO";M1;"Master di Primo Livello";;
102121;"SISTEMI DI GESTIONE E RESPONSABILITA' SOCIALE";M1;"Master di Primo Livello";;
091105;"TRAUMATOLOGIA DA SPORT: LE SCIENZE MOTORIE APPLICATE AL RECUPERO FUNZIONALE";M1;"Master di Primo Livello";;
092130;"GENERAL MANAGEMENT - ALTO APPRENDISTATO";M1;"Master di Primo Livello";;
010803;"PATOLOGIA SUINA";SP3;"Scuola di Specializzazione";;
700954;"PATOLOGIA DELLE MUCOSE GENGIVALI NON INDOTTA DA PLACCA BATTERICA";M1;"Master di Primo Livello";;
007921;PARODONTOLOGIA;M2;"Master di Secondo Livello";;
006119;"MANAGEMENT DELLE ISTITUZIONI SCOLASTICHE E FORMATIVE";M2;"Master di Secondo Livello";;
090121;"PUBLIC PROCUREMENT (GESTIONE DEGLI APPALTI PUBBLICI)";M1;"Master di Primo Livello";;
091503;"SCIENZE DELL'EDUCAZIONE MOTORIA E DELLE ATTIVITÀ ADATTATE";LM;"Laurea Magistrale";http://educazionemotoria.campusnet.unito.it/do/home.pl;
070721;"INFERMIERISTICA (ABILITANTE ALLA PROFESSIONE SANITARIA DI INFERMIERE)";L;"Laurea triennale (DM270)";http://medtriennalias.campusnet.unito.it/cgi-bin/home.pl;
007833;"ANATOMIA PATOLOGICA";SP5;"Scuola di Specializzazione";;
009506;"COMUNICAZIONE PUBBLICA E POLITICA";LM;"Laurea Magistrale";http://www.cpp.unito.it/;
009708;"SCIENZE POLITICHE E DELL'AMMINISTRAZIONE";L;"Laurea triennale (DM270)";;
005505;"ARCHEOLOGIA E STORIA ANTICA";LM;"Laurea Magistrale";http://archeologia.campusnet.unito.it/;
057104;"A245 - LINGUA STRANIERA (FRANCESE)";TFA;"Tirocinio formativo attivo";;
057207;"A050 - MATERIE LETTERARIE NEGLI ISTITUTI DI ISTRUZIONE SECONDARIA DI II GRADO";TFA;"Tirocinio formativo attivo";;
057214;"A546 - LINGUA E CIVILTÀ STRANIERA (TEDESCO)";TFA;"Tirocinio formativo attivo";;
057203;"A037 - FILOSOFIA E STORIA";TFA;"Tirocinio formativo attivo";;
007843;"ENDOCRINOLOGIA E MALATTIE DEL METABOLISMO";SP5;"Scuola di Specializzazione";;
057107;"A033 - TECNOLOGIA";TFA;"Tirocinio formativo attivo";;
092138;"AUDITING, ACCOUNTING AND CONTROL - ALTO APPRENDISTATO";M2;"Master di Secondo Livello";;
092142;"INFORMATION SYSTEMS INTEGRATION AND AUDITING";M1;"Master di Primo Livello";;
M22003;"REUMATOLOGIA PRATICA";M2;"Master di Secondo Livello";;
005706;"COMUNICAZIONE INTERCULTURALE";L;"Laurea triennale (DM270)";http://www.didattica-cps.unito.it;
CPA001;"CHINESIOLOGIA: EDUCAZIONE ALLA SALUTE E SUA SOSTENIBILITA'";CPA;"Corso di Perfezionamento";;
M21008;"PATHWAYS IN GINECOLOGICAL ONCOLOGY";M2;"Master di Secondo Livello";;
PAS002;"A032 - EDUCAZIONE MUSICALE NELLA SCUOLA MEDIA";PAS;"Percorso abilitante speciale";;
M12004;"RICERCA CLINICA PER LE PROFESSIONI INFERMIERISTICHE E OSTETRICA";M1;"Master di Primo Livello";;
CFP019;"LA FISCALITA' DEI COMUNI (I TRIBUTI COMUNALI)";CAFP;"Corsi di alta formazione professionale";;
M11016;"PUBLIC PROCUREMENT MANAGEMENT FOR SUSTAINABLE DEVELOPMENT (IN RWANDA)";M1;"Master di Primo Livello";;
CFP022;"SALUTE E SICUREZZA NELLA SCUOLA";CAFP;"Corsi di alta formazione professionale";;
CFP023;"NUOVE TECNOLOGIE APPLICATE ALLA DIDATTICA PER GLI INSEGNAMENTI DELLA MEDIA EDUCATION";CAFP;"Corsi di alta formazione professionale";;
CFP033;"GESTIRE E CONOSCERE LE RISORSE BIBLIOGRAFICHE A SUPPORTO DI RICERCA E DIDATTICA";CAFP;"Corsi di alta formazione professionale";;
TFA038;"A003 - ARTE DEL DISEGNO ANIMATO";TFA;"Tirocinio formativo attivo";;
TFA040;"A005 - ARTE DEL VETRO";TFA;"Tirocinio formativo attivo";;
TFA001;"A017 - DISCIPLINE ECONOMICO-AZIENDALI";TFA;"Tirocinio formativo attivo";;
TFA004;"A021- DISCIPLINE PITTORICHE";TFA;"Tirocinio formativo attivo";;
102408;"LA CORPORATE SOCIAL RESPONSABILITY APPLICATA ATTRAVERSO IL BRANDED CONTENT, COME STRUMENTO DI COMUNICAZIONE INTEGRATA DEL VALORE CREATO PER LA COLLETTIVITA'";CAFP;"Corsi di alta formazione professionale";;
0901M21;"GEOGRAFIA E SCIENZE TERRITORIALI";LM;"Laurea Magistrale";http://geografia.campusnet.unito.it/do/home.pl;
003503;FARMACIA;LM5;"Laurea Magistrale Ciclo Unico 5 anni";http://www.farmacia-dstf.unito.it/do/home.pl/View?doc=farmacia1.html;
010701;"PRODUZIONI E GESTIONE DEGLI ANIMALI IN ALLEVAMENTO E SELVATICI";L;"Laurea triennale (DM270)";http://veterinaria.campusnet.unito.it/do/home.pl/View?doc=laurea_1_livello/nuovo_cl/home_cl_nuovo.html;
PAS014;"A047 - MATEMATICA";PAS;"Percorso abilitante speciale";;
PAS015;"A049 - MATEMATICA E FISICA";PAS;"Percorso abilitante speciale";;
PASA05;"A050 - MATERIE LETTERARIE NEGLI ISTITUTI DI ISTRUZIONE SECONDARIA DI II GRADO (UPO)";PAS;"Percorso abilitante speciale";;
PASP07;"C320 - LABORATORIO MECCANICO-TECNOLOGICO";PAS;"Percorso abilitante speciale";;
M11012;"MANAGEMENT DELLA PRODUZIONE E DELLA DISTRIBUZIONE AUDIOVISIVA E CROSS-MEDIALE";M1;"Master di Primo Livello";;
M12006;"BIOETICA E CONSULENZA IN ETICA CLINICA";M1;"Master di Primo Livello";;
CPA007;"GESTIONE CHIRURGICA E CLINICA DEL TRAPIANTO RENALE";CPA;"Corso di Perfezionamento";;
TFA050;"A065 - TECNICA FOTOGRAFICA";TFA;"Tirocinio formativo attivo";;
2001M21;"SCIENZE DELLE PROFESSIONI SANITARIE DELLA PREVENZIONE";LM;"Laurea Magistrale";;
M11029;"INTERNATIONAL TRADE LAW - CONTRACTS AND DISPUTE RESOLUTION";M1;"Master di Primo Livello";;
2201M21;"CELLULAR AND MOLECULAR BIOLOGY-BIOLOGIA CELLULARE E MOLECOLARE";LM;"Laurea Magistrale";;
M11021;"ESPERTO DI METODOLOGIA A.B.A. PER I DISTURBI DELLO SPETTRO AUTISTICO";M1;"Master di Primo Livello";;
TFA048;"A063 - TECNICA DELLA RIPRESA CINEMATOGRAFICA E TELEVISIVA";TFA;"Tirocinio formativo attivo";;
2205M21;"SCIENZE E GESTIONE SOSTENIBILE DEI SISTEMI NATURALI";LM;"Laurea Magistrale";;
TFA060;"A445,A446: LINGUA STRANIERA (SPAGNOLO), LINGUA E CIVILTA' STRANIERA (SPAGNOLO)";TFA;"Tirocinio formativo attivo";;
TFA025;"A053 - METEOROLOGIA AERONAUTICA ED ESERCITAZIONI";TFA;"Tirocinio formativo attivo";;
TFA051;"A067 - TECNOLOGIA FOTOGRAFICA, CINEMATOGRAFICA E TELEVISIVA";TFA;"Tirocinio formativo attivo";;
PAS032;"C520 - TECNICA DEI SERVIZI E PRATICA OPERATIVA";PAS;"Percorso abilitante speciale";;
007701;"BIOTECNOLOGIE MEDICHE";LM;"Laurea Magistrale";http://biotecmed.campusnet.unito.it/do/home.pl;
008502;"STUDIO DELL'EVOLUZIONE E VALORIZZAZIONE DELLA NATURA";LM;"Laurea Magistrale";http://naturali.campusnet.unito.it;
090510;GEOGRAFIA;LM;"Laurea Magistrale";http://www.geografia.unito.it;
006111;"TEATRO SOCIALE E DI COMUNITA' .";M1;"Master di Primo Livello";;
008206;"FISICA DELLE INTERAZIONI FONDAMENTALI";LS;"Laurea specialistica";www.ph.unito.it/ccl/index.html;
011201;"SCIENZE DELLA MENTE";LS;"Laurea specialistica";www.psicologia.unito.it;
091203;"SCIENZE E TECNICHE DELLE ATTIVITA' FISICHE ADATTATE";LS;"Laurea specialistica";http://www.hal9000.cisi.unito.it/scienzemotorie;
008304;"SCIENZE NATURALI";LT;"Laurea triennale (DM509)";http://naturali.campusnet.unito.it;
006208;"CORSO DI LAUREA SPECIALISTICA IN STORIA E CRITICA DELLE CULTURE E DEI BENI MUSICALI";LS;"Laurea specialistica";www.sciform.unito.it;
012207;"LINGUE E CIVILTÀ DELL'ASIA E DELL'AFRICA PER LA COMUNICAZIONE INTERNAZIONALE";LS;"Laurea specialistica";www.lingue.unito.it;
008210;"FISICA AMBIENTALE E BIOMEDICA";LS;"Laurea specialistica";www.ph.unito.it;
006209;"METODOLOGIA E STORIA DEL MUSEO, DEL RESTAURO E DELLE TECNICHE ARTISTICHE";LS;"Laurea specialistica";www.sciform.unito.it;
008309;"SCIENZA E TECNOLOGIA PER I BENI CULTURALI";LT;"Laurea triennale (DM509)";http://www.stbeniculturali.unito.it;
008238;MATEMATICA;LS;"Laurea specialistica";;
009302;"SCIENZE STATISTICHE (GIÀ CDL 1LIV IN STATISTICA  A.A. 2000-01)";LT;"Laurea triennale (DM509)";http://hal9000.cisi.unito.it/wf/FACOLTA/Scienze-Po/Cdl-triennali/Scienze-statistiche/index.htm;
070316;"TECNICHE AUDIOPROTESICHE (ABILITANTE ALLA PROFESSIONE SANITARIA DI AUDIOPROTESISTA)";LT;"Laurea triennale (DM509)";www.medicina.unito.it;
011312;"SCIENZE E TECNICHE PSICOLOGICHE";LT;"Laurea triennale (DM509)";www.psicologia.unito.it;
070319;"TECNICA DELLA RIABILITAZIONE PSICHIATRICA (ABILITANTE ALLA PROFESSIONE SANITARIA DI TECNICO DELLA RIABILITAZIONE PSICHIATRICA)";LT;"Laurea triennale (DM509)";www.medicina.unito.it;
091202;"SCIENZE E TECNICHE DELLO SPORT E DELL'ALLENAMENTO";LS;"Laurea specialistica";http://hal9000.cisi.unito.it/scienzemotorie/;
009208;"SCIENZE DELL'AMMINISTRAZIONE";LS;"Laurea specialistica";www.scipol.unito.it;
011301;"SCIENZE E TECNICHE NEUROPSICOLOGICHE";LT;"Laurea triennale (DM509)";www.psicologia.unito.it;
011701;"DISCIPLINE DELLA RICERCA PSICOLOGICO-SOCIALE";L;"Laurea triennale (DM270)";;
011504;"SCIENZE DELLA MENTE";LM;"Laurea Magistrale";http://www.psicologia.unito.it/do/home.pl/View?doc=/offerta_formativa/corsi_di_studi/magistrali/13-14/scienze_mente.html;
009504;"SCIENZE STATISTICHE, ECONOMICHE E MANAGERIALI";LM;"Laurea Magistrale";http://www.didattica-est.unito.it/do/home.pl/View?doc=/corsi_di_laurea_magistrale/Statistiche_Economiche_Manageriali.html;
012205;TRADUZIONE;LS;"Laurea specialistica";www.lingue.unito.it;
012306;"SCIENZE DEL TURISMO";LT;"Laurea triennale (DM509)";;
008221;"ASTROFISICA E FISICA COSMICA";LS;"Laurea specialistica";http://www.ph.unito.it/ccl/index.html;
056301;BIOTECNOLOGIE;LT;"Laurea triennale (DM509)";http://hal9000.cisi.unito.it/wf/FACOLTA/Scuola-Uni1/TELECOMUNI/index.htm;
010501;"MEDICINA VETERINARIA";LC5;"Laurea Ciclo Unico 5 anni";www.veter.unito.it;
008239;"SCIENZE GEOLOGICHE";LS;"Laurea specialistica";www.geologia.unito.it;
009324;"SCIENZE DELL'AMMINISTRAZIONE (ON LINE)";LT;"Laurea triennale (DM509)";;
008308;MATEMATICA;LT;"Laurea triennale (DM509)";www.dm.unito.it;
070321;"INFERMIERISTICA  (ABILITANTE ALLA PROFESSIONE SANITARIA DI INFERMIERE) - (SEDE DI ASTI)";LT;"Laurea triennale (DM509)";www.medicina.unito.it;
001306;"AGRICOLTURA BIOLOGICA";LT;"Laurea triennale (DM509)";;
008236;"GEOLOGIA APPLICATA ED AMBIENTALE";LS;"Laurea specialistica";www.geologia.unito.it;
007201;"BIOTECNOLOGIE MEDICHE";LS;"Laurea specialistica";www.medicina.unito.it;
008241;"SCIENZA E TECNOLOGIA PER I BENI CULTURALI";LS;"Laurea specialistica";www.stbeniculturali.unito.it;
102114;"BANKING E RISK MANAGEMENT";M1;"Master di Primo Livello";;
090703;"SCIENZE E CULTURA DELLE ALPI";L;"Laurea triennale (DM270)";http://agraria-offdid.campusnet.unito.it/do/home.pl/View?doc=paginecds/scienze_e_cultura_delle_alpi.html;
005508;"FILOLOGIA, LETTERATURE E STORIA DELL'ANTICHITÀ";LM;"Laurea Magistrale";http://filologia.campusnet.unito.it/do/home.pl;
005502;"SCIENZE LINGUISTICHE";LM;"Laurea Magistrale";http://linguistica.campusnet.unito.it/do/home.pl;
011106;"COMPETENZE RELAZIONALI PER INSEGNANTI CHE INTERAGISCONO CON ALUNNI E FAMIGLIE CON BISOGNI EDUCATIVI SPECIALI";M2;"Master di Secondo Livello";;
0403M21;"ECONOMIA DELL'AMBIENTE, DELLA CULTURA E DEL TERRITORIO";LM;"Laurea Magistrale";http://www.didattica-est.unito.it/do/home.pl/View?doc=/corsi_di_laurea_magistrale/ambiente_cultura_territorio_lm56.html;
008301;CHIMICA;LT;"Laurea triennale (DM509)";www.chimica.unito.it;
006701;"SCIENZE DELL'EDUCAZIONE";L;"Laurea triennale (DM270)";http://educazione.campusnet.unito.it/do/home.pl;
056701;BIOTECNOLOGIE;L;"Laurea triennale (DM270)";http://biotec.campusnet.unito.it;
102502;"BUSINESS ADMINISTRATION";LM;"Laurea Magistrale";www.econ.unito.it;
056501;"BIOTECNOLOGIE MOLECOLARI";LM;"Laurea Magistrale";http://biotec.campusnet.unito.it;
090511;"CONSERVAZIONE E RESTAURO DEI BENI CULTURALI";LM;"Laurea Magistrale";http://conservazionerestauro.campusnet.unito.it/do/home.pl;
010502;"MEDICINA VETERINARIA";LM5;"Laurea Magistrale Ciclo Unico 5 anni";http://veterinaria.campusnet.unito.it/do/home.pl/View?doc=laurea_2_livello/links_magistrale/magistralemv.html;
005108;EGITTOLOGIA;M2;"Master di Secondo Livello";;
006118;"METODI E TECNOLOGIE PER IL LIFELONG LEARNING. PROGETTUALITA' E INNOVAZIONE PER LA CONDIVISIONE DELLE CONOSCENZE (MATELL)";M1;"Master di Primo Livello";;
007918;"ONCOLOGIA MOLECOLARE";M2;"Master di Secondo Livello";;
007919;"ONCOLOGIA PROSTATICA";M2;"Master di Secondo Livello";;
007927;"ONCOLOGIA CHIRURGICA";M2;"Master di Secondo Livello";;
700959;"PROFESSIONI SANITARIE FORENSI";M1;"Master di Primo Livello";;
070716;"TECNICHE AUDIOPROTESICHE (ABILITANTE ALLA PROFESSIONE SANITARIA DI AUDIOPROTESISTA)";L;"Laurea triennale (DM270)";http://medaudiopro.campusnet.unito.it/cgi-bin/home.pl;
004105;"DIRITTO DELLA PUBBLICA AMMINISTRAZIONE";M2;"Master di Secondo Livello";;
102119;"ECONOMIA DEL  LAVORO APPLICATA PER LO SVILUPPO";M1;"Master di Primo Livello";;
700961;"SORVEGLIANZA  E CONTROLLO DELLE INFEZIONE CORRELATE ALL'ASSISTENZA (ICA)";M1;"Master di Primo Livello";;
070704;"INFERMIERISTICA (ABILITANTE ALLA PROFESSIONE SANITARIA DI INFERMIERE)";L;"Laurea triennale (DM270)";http://medtriennaliao.campusnet.unito.it/cgi-bin/home.pl;
010802;"IGIENE E TECNOLOGIA DELLE CARNI";SP3;"Scuola di Specializzazione";;
102513;"AMMINISTRAZIONE E CONTROLLO AZIENDALE";LM;"Laurea Magistrale";http://www.aca.unito.it;
092105;"INFORMATION SYSTEMS INTEGRATION AND AUDITING";M1;"Master di Primo Livello";;
700967;"MEDICINA DELLA RIPRODUZIONE UMANA E TECNICHE DI FECONDAZIONE IN VITRO";M2;"Master di Secondo Livello";;
700958;"DISTURBI DELLO SVILUPPO E DIFFICOLTA' DI APPRENDIMENTO";M1;"Master di Primo Livello";;
011505;"PSICOLOGIA DEL LAVORO E DEL BENESSERE NELLE ORGANIZZAZIONI";LM;"Laurea Magistrale";http://www.psicologia.unito.it;
090124;"MANAGEMENT OF DEVELOPMENT";M1;"Master di Primo Livello";;
700939;VULNOLOGIA;M1;"Master di Primo Livello";;
091701;"SCIENZE DELLE ATTIVITÀ MOTORIE E SPORTIVE";L;"Laurea triennale (DM270)";http://scienzemotorie.campusnet.unito.it/do/home.pl;
091504;"SCIENZE E TECNICHE AVANZATE DELLO SPORT";LM;"Laurea Magistrale";http://scienzesport.campusnet.unito.it/do/home.pl;
007930;"MEDICINA PALLIATIVA";M2;"Master di Secondo Livello";;
700962;"CHIRURGIA TORACICA ONCOLOGICA";M2;"Master di Secondo Livello";;
092128;"GENERAL MANAGEMENT";M1;"Master di Primo Livello";;
700969;"MODELLI E METODI DELLA TUTORSHIP NELLA FORMAZIONE E SVILUPPO DELLE PROFESSIONI INFERMIERISTICHE E OSTETRICA";M1;"Master di Primo Livello";;
070717;"INFERMIERISTICA PEDIATRICA (ABILITANTE ALLA PROFESSIONE SANITARIA DI INFERMIERE PEDIATRICO)";L;"Laurea triennale (DM270)";http://pediatrica.campusnet.unito.it/cgi-bin/home.pl;
102125;"ECONOMIA, MANAGEMENT, PROMOZIONE E VALORIZZAZIONE DEL TURISMO";M1;"Master di Primo Livello";;
090130;"QUALITA', SICUREZZA ALIMENTARE E SOSTENIBILITA' DELLA FILIERA DEL LATTE";M2;"Master di Secondo Livello";;
009711;"SERVIZIO SOCIALE";L;"Laurea triennale (DM270)";http://www.didattica-cps.unito.it/do/home.pl/View?doc=corsi_di_studio/CLASS_servizio_sociale/presentazione.html;
092401;"GESTIONE, VALUTAZIONE E CONTROLLO DELLE POLITICHE SOCIALI";CAFP;"Corsi di alta formazione professionale";;
007812;GASTROENTEROLOGIA;SP5;"Scuola di Specializzazione";;
102112;FINANCE;M2;"Master di Secondo Livello";;
005503;"ANTROPOLOGIA CULTURALE ED ETNOLOGIA";LM;"Laurea Magistrale";http://www.didattica-cps.unito.it;
008530;"EVOLUZIONE DEL COMPORTAMENTO ANIMALE E DELL'UOMO";LM;"Laurea Magistrale";http://naturali.campusnet.unito.it/do/home.pl/View?doc=HomePageLM_ECAU.html;
092134;"IT GOVERNANCE AND COMPLIANCE";M1;"Master di Primo Livello";;
009507;"SCIENZE DEL GOVERNO";LM;"Laurea Magistrale";http://www.didattica-cps.unito.it/do/home.pl/View?doc=corsi_di_studio/SCIGOV_scienze_governo/presentazione.html;
071803;"ANESTESIA RIANIMAZIONE E TERAPIA INTENSIVA";SP5;"Scuola di Specializzazione";;
071812;UROLOGIA;SP5;"Scuola di Specializzazione";;
057205;"A047 - MATEMATICA";TFA;"Tirocinio formativo attivo";;
057210;"A061 - STORIA DELL'ARTE";TFA;"Tirocinio formativo attivo";;
090132;"ANALISI DATI PER LA BUSINESS INTELLIGENCE";M1;"Master di Primo Livello";;
700979;"MEDICINA DELLA RIPRODUZIONE UMANA E TECNICHE DI FECONDAZIONE IN VITRO";M2;"Master di Secondo Livello";;
1502M21;"PSICOLOGIA CRIMINOLOGICA E FORENSE";LM;"Laurea Magistrale";http://www.psicologia.unito.it;
006401;"DIDATTICA E PSICOPEDAGOGIA PER I DISTURBI SPECIFICI DI APPRENDIMENTO";CAFP;"Corsi di alta formazione professionale";;
009401;"GESTIONE, VALUTAZIONE E CONTROLLO DELLE POLITICHE SOCIALI";CAFP;"Corsi di alta formazione professionale";;
102406;"STRUMENTI MANAGERIALI PER LA MITIGAZIONE DEL DIGITAL DIVIDE COME FATTORE CRITICO DEL WELFARE: LA MEDIA LITERACY";CAFP;"Corsi di alta formazione professionale";;
M12001;"ICT E PROGETTAZIONE AVANZATA";M1;"Master di Primo Livello";;
CSS1001;"CORSO DI FORMAZIONE PER IL CONSEGUIMENTO DELLA SPECIALIZZAZIONE PER LE ATTIVITA' DI SOSTEGNO";CSS;"Specializzazione per le attività di sostegno";;
M21006;"TERAPIA DEL DOLORE";M2;"Master di Secondo Livello";;
PAS001;"A030 - SCIENZE MOTORIE E SPORTIVE";PAS;"Percorso abilitante speciale";;
PAS005;"A013 - CHIMICA E TECNOLOGIE CHIMICHE";PAS;"Percorso abilitante speciale";;
M11011;"PUBLIC PROCUREMENT MANAGEMENT FOR SUSTAINABLE DEVELOPMENT";M1;"Master di Primo Livello";;
CFP008;"PERCORSI DI CITTADINANZA";CAFP;"Corsi di alta formazione professionale";;
CFP010;"INNOVAZIONE NELLA DIDATTICA E VALUTAZIONE DI QUALITA' PER LA SCUOLA";CAFP;"Corsi di alta formazione professionale";;
CFP034;"I PRODOTTI DI INVESTIMENTO E FINANZIAMENTO";CAFP;"Corsi di alta formazione professionale";;
CFP017;"SICUREZZA E TUTELA DELLA SALUTE NEI LUOGHI DI LAVORO";CAFP;"Corsi di alta formazione professionale";;
CFP020;"TECNICHE PER IL FUNDRAISING DI PROGETTI DI SUSSIDIARIETÀ ED ECONOMIA CIVILE";CAFP;"Corsi di alta formazione professionale";;
CFP021;"AUTOVALUTAZIONE E MODELLI DI ECCELLENZA NELLA SCUOLA";CAFP;"Corsi di alta formazione professionale";;
CFP028;"NUOVE TECNICHE E STRUMENTI PER L’INSEGNAMENTO DELLE DISCIPLINE MANAGERIALI";CAFP;"Corsi di alta formazione professionale";;
M21002;"CHIRURGIA ROBOTICA E LAPAROSCOPICA AVANZATA IN UROLOGIA";M2;"Master di Secondo Livello";;
M21007;UROGINECOLOGIA;M2;"Master di Secondo Livello";;
1505M21;"SCIENZE DEL CORPO E DELLA MENTE";LM;"Laurea Magistrale";http://www.psicologia.unito.it;
1501M21;"PSICOLOGIA CLINICA: SALUTE E INTERVENTI NELLA COMUNITA'";LM;"Laurea Magistrale";;
PAS013;"A039 - GEOGRAFIA";PAS;"Percorso abilitante speciale";;
PAS018;"A057 - SCIENZA DEGLI ALIMENTI";PAS;"Percorso abilitante speciale";;
PASA02;"A059 - MATEMATICHE E SCIENZE NELLA SCUOLA SECONDARIA DI I GRADO (UPO)";PAS;"Percorso abilitante speciale";;
PAS023;"A245 - LINGUA STRANIERA (FRANCESE)";PAS;"Percorso abilitante speciale";;
SSST4;"SCUOLA DI STUDI SUPERIORI FERDINANDO ROSSI IV ANNO";ECC;"Istituto d`eccellenza";;
CFP038;"DIRITTO DELLA MEDIAZIONE E DELL'ARBITRATO";CAFP;"Corsi di alta formazione professionale";;
0205M21;CHIMICA;LM;"Laurea Magistrale";;
TFA031;"A069 - TECNOLOGIE  GRAFICHE ED IMPIANTI GRAFICI";TFA;"Tirocinio formativo attivo";;
TFA056;"A029,A030: EDUCAZIONE FISICA NEGLI ISTITUTI E SCUOLE DI ISTRUZIONE SECONDARIA II GRADO, SCIENZE MOTORIE E SPORTIVE";TFA;"Tirocinio formativo attivo";;
M21013;"CHIRURGIA ORTOGNATICA E DELLE MALFORMAZIONI MASCELLARI";M2;"Master di Secondo Livello";;
M21011;"DIAGNOSI E TERAPIA DELLA MALATTIA DI ALZHEIMER E DELLE ALTRE DEMENZE";M2;"Master di Secondo Livello";;
M22009;"MODELLI E METODI DELLA TUTORSHIP NELLA FORMAZIONE INFERMIERISTICA ED OSTETRICA";M1;"Master di Primo Livello";;
TFA028;"A012 - CHIMICA AGRARIA";TFA;"Tirocinio formativo attivo";;
TFA018;"A032 - EDUCAZIONE MUSICALE NELLA SCUOLA MEDIA";TFA;"Tirocinio formativo attivo";;
PAS031;"C510 - TECNICA DEI SERVIZI ED ESERCITAZIONI PRATICHE DI SALA BAR";PAS;"Percorso abilitante speciale";;
004204;"SCIENZE GIURIDICHE PER LE AMMINISTRAZIONI PUBBLICHE E LE IMPRESE";LS;"Laurea specialistica";;
008233;"BIOLOGIA VEGETALE";LS;"Laurea specialistica";http://biologia.campusnet.unito.it;
070318;"DIETISTICA (ABILITANTE ALLA PROFESSIONE SANITARIA DI DIETISTA)";LT;"Laurea triennale (DM509)";www.medicina.unito.it;
102325;"ECONOMIA E GESTIONE DELLE IMPRESE";LT;"Laurea triennale (DM509)";www.econ.unito.it;
070302;"INFERMIERISTICA (ABILITANTE ALLA PROFESSIONE SANITARIA DI INFERMIERE) - (SEDE DI ORBASSANO)";LT;"Laurea triennale (DM509)";http://medtriennalisl.campusnet.unito.it;
008303;FISICA;LT;"Laurea triennale (DM509)";www.ph.unito.it;
003301;"TECNICHE ERBORISTICHE";LT;"Laurea triennale (DM509)";www.pharm.unito.it;
009318;"SOCIOLOGIA E RICERCA SOCIALE (EX SCIENZE SOCIALI COMPARATE - A.A. 2001-02)";LT;"Laurea triennale (DM509)";www.scipol.unito.it;
001212;"PROGETTAZIONE DI GIARDINI, PARCHI E PAESAGGIO";LS;"Laurea specialistica";;
009202;"SCIENZE POLITICHE";LS;"Laurea specialistica";www.scipol.unito.it;
008217;"REALTÀ VIRTUALE E MULTIMEDIALITÀ";LS;"Laurea specialistica";www.scienzemfn.unito.it;
006303;"MULTIMEDIALITA' E DISCIPLINE DELL'ARTE, DELLA MUSICA E DELLO SPETTACOLO";LT;"Laurea triennale (DM509)";www.sciform.unito.it;
090303;"SCIENZE E CULTURA DELLE ALPI";LT;"Laurea triennale (DM509)";;
008305;"SCIENZE BIOLOGICHE";LT;"Laurea triennale (DM509)";www.biologia.unito.it;
102203;ECONOMIA;LS;"Laurea specialistica";www.econ.unito.it;
004303;"DIRITTO ED ECONOMIA PER L'IMPRESA";LT;"Laurea triennale (DM509)";www.giurisprudenza.unito.it;
012201;"LINGUE E LETTERATURE MODERNE";LS;"Laurea specialistica";www.lingue.unito.it;
012311;"CORSO DI LAUREA IN LINGUE E CULTURE DELL'ASIA E DELL'AFRICA";LT;"Laurea triennale (DM509)";www.lingue.unito.it;
091201;"MANAGER DELLE ATTIVITA' FISICHE E SPORTIVE";LS;"Laurea specialistica";http://hal9000.cisi.unito.it/scienzemotorie/;
008302;"CHIMICA INDUSTRIALE";LT;"Laurea triennale (DM509)";www.chimicaindustriale.unito.it;
090203;"PSICO-BIOLOGIA DEI PROCESSI MOTIVAZIONALI E AFFETTIVI";LS;"Laurea specialistica";www.psicologia.unito.it;
090306;"COMUNICAZIONE SCIENTIFICA";LT;"Laurea triennale (DM509)";;
008235;"BIOTECNOLOGIE INDUSTRIALI";LS;"Laurea specialistica";www.scienzemfn.unito.it;
090311;"CONSERVAZIONE E RESTAURO DEI BENI CULTURALI";LT;"Laurea triennale (DM509)";www.scienzemfn.unito.it;
090309;"TECNICHE DELLA PREVENZIONE NELL'AMBIENTE E NEI LUOGHI DI LAVORO (ABILITANTE ALLA PROFESSIONE SANITARIA DI TECNICO DELLA PREVENZIONE NELL'AMBIENTE E NEI LUOGHI DI LAVORO)";LT;"Laurea triennale (DM509)";;
290211;"SCIENZE VITICOLE ED ENOLOGICHE";LS;"Laurea specialistica";www.agraria.unito.it;
290201;"LAUREA SPECIALISTICA IN CULTURE MODERNE COMPARATE";LS;"Laurea specialistica";www.lettere.unito.it;
009309;"STUDI INTERNAZIONALI";LT;"Laurea triennale (DM509)";www.scipol.unito.it;
070322;"INFERMIERISTICA (ABILITANTE ALLA PROFESSIONE SANITARIA DI INFERMIERE)";LT;"Laurea triennale (DM509)";www.climolinette.unito.it;
056502;"BIOTECNOLOGIE VEGETALI";LM;"Laurea Magistrale";http://agraria-offdid.campusnet.unito.it/do/home.pl/View?doc=paginecds/biotecn_veg_270_magistrale.html;
102703;"ECONOMIA AZIENDALE";L;"Laurea triennale (DM270)";http://www.ecoaz.unito.it;
001502;"SCIENZE ZOOTECNICHE";LM;"Laurea Magistrale";http://agraria-offdid.campusnet.unito.it/do/home.pl/View?doc=paginecds/sc_zootecn_270_magistrale.html;
008706;"SCIENZA DEI MATERIALI";L;"Laurea triennale (DM270)";http://scienzadeimateriali.campusnet.unito.it/cgi-bin/home.pl;
102702;"COMMERCIO INTERNAZIONALE";L;"Laurea triennale (DM270)";www.econ.unito.it;
700974;"SALUTE E SICUREZZA NEI LUOGHI DI LAVORO";M1;"Master di Primo Livello";;
092139;"AUDITING, ACCOUNTING AND CONTROL";M1;"Master di Primo Livello";;
005705;"CULTURE E LETTERATURE DEL MONDO MODERNO";L;"Laurea triennale (DM270)";http://culture.campusnet.unito.it/do/home.pl;
005701;LETTERE;L;"Laurea triennale (DM270)";http://cdslettere.campusnet.unito.it/do/home.pl;
005707;"BENI CULTURALI ARCHEOLOGICI E STORICO-ARTISTICI";L;"Laurea triennale (DM270)";;
102701;"BANCA, BORSA E ASSICURAZIONE";L;"Laurea triennale (DM270)";http://www.bba.unito.it/do/home.pl;
008702;"CHIMICA INDUSTRIALE";L;"Laurea triennale (DM270)";http://chimicaindustriale.campusnet.unito.it;
092122;"ANALISTI DI PRODUZIONE CINEMATOGRAFICA E TELEVISIVA";M1;"Master di Primo Livello";;
006114;"ESPERTO NEI PROCESSI EDUCATIVI IN ADOLESCENZA. GESTIONE DELLE DIFFICOLTA' DI RELAZIONE, DI INTEGRAZIONE CULTURALE E DI APPRENDIMENTO";M1;"Master di Primo Livello";;
201022;"FARMACIA OSPEDALIERA";SP4;"Scuola di Specializzazione";http://www.farmacia-dstf.unito.it/do/home.pl/View?doc=pres_spec.html;
007836;NEUROLOGIA;SP5;"Scuola di Specializzazione";;
007815;"IGIENE E MEDICINA PREVENTIVA";SP5;"Scuola di Specializzazione";;
070708;"ORTOTTICA ED ASSISTENZA OFTALMOLOGICA (ABILITANTE ALLA PROFESSIONE SANITARIA DI ORTOTTISTA ED ASSISTENTE DI OFTALMOLOGIA)";L;"Laurea triennale (DM270)";http://ortottica.campusnet.unito.it/do/home.pl;
007923;"CITOPATOLOGIA DIAGNOSTICA DEGLI SCREENING DI POPOLAZIONE";M1;"Master di Primo Livello";;
102116;"MANAGEMENT DEI SISTEMI QUALITA' E DI ACCREDITAMENTO NELLE ISTITUZIONI SCOLASTICHE ED UNIVERSITARIE";M2;"Master di Secondo Livello";;
700943;"ANDROLOGIA - ANDREA TAMAGNONE";M2;"Master di Secondo Livello";;
012501;"LINGUE E LETTERATURE MODERNE";LM;"Laurea Magistrale";http://www.dipartimentolingue.unito.it/lingueletteraturemagistrale/oss-home.asp;
012505;TRADUZIONE;LM;"Laurea Magistrale";http://www.dipartimentolingue.unito.it/traduzione/oss-home.asp;
102120;"MANAGEMENT DELLE AZIENDE PUBBLICHE E DELLE AZIENDE DI PUBBLICO SERVIZIO";M1;"Master di Primo Livello";;
700963;"COLO - PROCTOLOGIA";M2;"Master di Secondo Livello";;
006120;"ORIENTAMENTO E CONSULENZA NEI CONTESTI SCOLASTICI E PROFESSIONALI";M2;"Master di Secondo Livello";;
092129;"GESTIONE DEI SERVIZI BANCARI E FINANZIARI (FINANCIAL BANKING AND BUSINESS MANAGEMENT)";M1;"Master di Primo Livello";;
070724;"TECNICHE DELLA PREVENZIONE NELL'AMBIENTE E NEI LUOGHI DI LAVORO (ABILITANTE ALLA PROFESSIONE SANITARIA DI TECNICO DELLA PREVENZIONE NELL'AMBIENTE E NEI LUOGHI DI LAVORO)";L;"Laurea triennale (DM270)";http://tpall.campusnet.unito.it/cgi-bin/home.pl;
700950;"MICROENDODONZIA CLINICA E CHIRURGICA";M2;"Master di Secondo Livello";;
090123;"INFERMIERE DI FAMIGLIA E DI COMUNITA'";M1;"Master di Primo Livello";;
700951;"SORVEGLIANZA E CONTROLLO DELL'INFEZIONI CORRELATE ALL'ASSISTENZA";M1;"Master di Primo Livello";;
700952;"COORDINAMENTO E ORGANIZZAZIONE PER LE PROFESSIONI SANITARIE DELLA RIABILITAZIONE";M1;"Master di Primo Livello";;
700953;"POSIZIONAMENTO E GESTIONE DEGLI ACCESSI VASCOLARI A BREVE E LUNGO TERMINE";M1;"Master di Primo Livello";;
012108;"TRADUZIONE PER IL CINEMA, LA TELEVISIONE E L'EDITORIA MULTIMEDIALE";M1;"Master di Primo Livello";;
011103;"COMPETENZE RELAZIONALI PER INSEGNANTI CHE INTERAGISCONO CON ALUNNI E FAMIGLIE IN DIFFICOLTA'";M2;"Master di Secondo Livello";;
012104;"PROMOZIONE E ORGANIZZAZIONE TURISTICO-CULTURALE DEL TERRITORIO";M1;"Master di Primo Livello";;
700957;"MALATTIE METABOLICHE DELL'OSSO";M2;"Master di Secondo Livello";;
070710;"TECNICHE AUDIOMETRICHE (ABILITANTE ALLA PROFESSIONE SANITARIA DI AUDIOMETRISTA)";L;"Laurea triennale (DM270)";http://medaudiomet.campusnet.unito.it/cgi-bin/home.pl;
092131;"AUDITING, ACCOUNTING AND CONTROL";M1;"Master di Primo Livello";;
092125;"GESTIONE DEI SERVIZI BANCARI E FINANZIARI (FINANCIAL BANKING AND BUSINESS MANAGEMENT)";M1;"Master di Primo Livello";;
091501;"ATTIVITÀ MANAGERIALE APPLICATA ALLO SPORT ED ALL'ATTIVITÀ FISICA";LM;"Laurea Magistrale";http://www.suism.unito.it;
307281;"ODONTOIATRIA PEDIATRICA";CPA;"Corso di Perfezionamento";;
005110;"COMUNICAZIONE SOCIO SANITARIA";M1;"Master di Primo Livello";;
102201;"SCAMBI INTERNAZIONALI";LS;"Laurea specialistica";www.econ.unito.it;
102204;"ECONOMIA E DIREZIONE DELLE IMPRESE";LS;"Laurea specialistica";www.econ.unito.it;
009322;"SCIENZE DELL'AMMINISTRAZIONE E CONSULENZA DEL LAVORO (GIÀ CDL SCIENZE DELL'AMMINISTRAZIONE E DELL'ORGANIZZAZIONE E CDL CONSULENZA DEL LAVORO E GESTIONE DELLE RISORSE)";LT;"Laurea triennale (DM509)";;
007821;"MEDICINA INTERNA";SP5;"Scuola di Specializzazione";;
007835;"DERMATOLOGIA E VENEREOLOGIA";SP5;"Scuola di Specializzazione";;
092108;AUDITING;M1;"Master di Primo Livello";;
007841;"SCIENZA DELL'ALIMENTAZIONE";SP5;"Scuola di Specializzazione";;
007824;NEFROLOGIA;SP5;"Scuola di Specializzazione";;
007825;NEUROCHIRURGIA;SP6;"Scuola di Specializzazione";;
090711;"CONSERVAZIONE E RESTAURO DEI BENI CULTURALI";L;"Laurea triennale (DM270)";http://conservazionerestauro.campusnet.unito.it/;
700972;"ECOGRAFIA  DIAGNOSTICA E INTERVENTISTICA DEL COLLO";M2;"Master di Secondo Livello";;
005513;"STORIA DELL'ARTE";LM;"Laurea Magistrale";http://www.lettere.unito.it/do/home.pl;
071807;"ONCOLOGIA MEDICA";SP5;"Scuola di Specializzazione";;
057101;"A043 - ITALIANO, STORIA E GEOGRAFIA NELLA SCUOLA SECONDARIA DI I GRADO";TFA;"Tirocinio formativo attivo";;
057211;"A246 - LINGUA E CIVILTÀ STRANIERA (FRANCESE)";TFA;"Tirocinio formativo attivo";;
057212;"A346 - LINGUA E CIVILTÀ STRANIERA (INGLESE)";TFA;"Tirocinio formativo attivo";;
004505;"SCIENZE AMMINISTRATIVE E GIURIDICHE DELLE ORGANIZZAZIONI PUBBLICHE E PRIVATE";LM;"Laurea Magistrale";http://www.giurisprudenza.unito.it/do/home.pl/View?doc=scienze_amministrative_giuridiche_organizzazioni_pubbliche_private.html;
057206;"A049 - MATEMATICA E FISICA";TFA;"Tirocinio formativo attivo";;
008109;"PROCESSI PRODUTTIVI CHIMICO-BIOLOGICI";M2;"Master di Secondo Livello";;
303202;"FARMACISTA OSPEDALIERO DI REPARTO";CPA;"Corso di Perfezionamento";;
700975;"MALATTIE PEDIATRICHE COMPLESSE";M1;"Master di Primo Livello";;
102402;"LEADERSHIP, MANAGEMENT E QUALITA' NELLA DIRIGENZA DEL MIUR";CAFP;"Corsi di alta formazione professionale";;
092141;"MANAGEMENT DEL PATRIMONIO IMMOBILIARE";M1;"Master di Primo Livello";;
008111;"SERVIZI SOFTWARE E CLOUD COMPUTING";M1;"Master di Primo Livello";;
102128;"RETAIL MARKETING E STORE MANAGEMENT";M1;"Master di Primo Livello";;
M11004;"BUSINESS ADMINISTRATION (ENGLISH VERSION)";M1;"Master di Primo Livello";;
PAS008;"A029 - EDUCAZIONE FISICA NEGLI ISTITUTI E SCUOLE DI ISTRUZIONE SECONDARIA II GRADO";PAS;"Percorso abilitante speciale";;
PAS011;"A037 - FILOSOFIA E STORIA";PAS;"Percorso abilitante speciale";;
PAS012;"A038 - FISICA";PAS;"Percorso abilitante speciale";;
M21009;"DIRITTO TRIBUTARIO";M2;"Master di Secondo Livello";;
055501;"SCIENZE STRATEGICHE E MILITARI";LS;"Laurea specialistica";http://www.suiss.unito.it/do/home.pl;
M22005;"TECNICHE CHIRURGICHE AVANZATE IN MICRONEUROCHIRURGIA";M2;"Master di Secondo Livello";;
CFP006;"GLI ACQUISTI DI BENI E SERVIZI NELL'ISTRUZIONE PUBBLICA: PROCEDURE IN ECONOMIA, ACQUISIZIONI SOTTO-SOGLIA E MERCATO ELETTRONICO";CAFP;"Corsi di alta formazione professionale";;
CFP007;"LA PUBBLICA AMMINISTRAZIONE CHE SI RINNOVA: LE PROCEDURE DI ACQUISTO E LA GESTIONE DELLE RISORSE UMANE NELLE PIU' RECENTI RIFORME";CAFP;"Corsi di alta formazione professionale";;
CFP014;"METODI QUANTITATIVI PER IL MANAGEMENT DEI SERVIZI SANITARI";CAFP;"Corsi di alta formazione professionale";;
CFP029;"IL RISK MANAGEMENT COME STRUMENTO DI PREVENZIONE DEI REATI NELLA PUBBLICA AMMINISTRAZIONE: CRITERI DI APPLICAZIONE DELLA L. 190/2012";CAFP;"Corsi di alta formazione professionale";;
CFP032;"CONTROLLI ANTICORRUZIONE E TRASPARENZA NELLA GESTIONE DELLE AMMINISTRAZIONI PUBBLICHE L. 190/2012";CAFP;"Corsi di alta formazione professionale";;
TFA024;"A014 - CIRCOLAZIONE AEREA TELECOMUNICAZIONI AERONAUTICHE ED ESERCITAZIONI";TFA;"Tirocinio formativo attivo";;
M11001;"SALUTE ORALE NELLE COMUNITA' SVANTAGGIATE E NEI PAESI A BASSO REDDITO";M1;"Master di Primo Livello";;
M21005;"ORTOGNATODONZIA CLINICA";M2;"Master di Secondo Livello";;
001711;"SCIENZE FORESTALI E AMBIENTALI";L;"Laurea triennale (DM270)";http://agraria-offdid.campusnet.unito.it/do/home.pl/View?doc=paginecds/sc_forestali_270.html;
CPA002;"LA PREPARAZIONE FISICA NEGLI SPORT DI COMBATTIMENTO: ELEMENTI DI TRASVERSALITA'";CPA;"Corso di Perfezionamento";;
1103M21;"DIREZIONE D'IMPRESA, MARKETING E STRATEGIA";LM;"Laurea Magistrale";http://www.ecodir.unito.it;
0207M21;"SCIENZA DEI MATERIALI PER I BENI CULTURALI";LM;"Laurea Magistrale";http://stbeniculturali.campusnet.unito.it/do/home.pl;
PAS021;"C050 - ESERCITAZIONI AGRARIE";PAS;"Percorso abilitante speciale";;
PASA01;"A043 - ITALIANO, STORIA E GEOGRAFIA NELLA SCUOLA SECONDARIA DI I GRADO (UPO)";PAS;"Percorso abilitante speciale";;
PASP04;"A035 - ELETTROTECNICA ED APPLICAZIONI";PAS;"Percorso abilitante speciale";;
PAS024;"A345 - LINGUA STRANIERA (INGLESE)";PAS;"Percorso abilitante speciale";;
PAS025;"A445 - LINGUA STRANIERA (SPAGNOLO)";PAS;"Percorso abilitante speciale";;
PAS027;"A346 - LINGUA E CIVILTA' STRANIERA (INGLESE)";PAS;"Percorso abilitante speciale";;
M11009;"COMPARATIVE LAW, ECONOMICS AND FINANCE";M1;"Master di Primo Livello";;
TFA043;"A008 - ARTI DELLA GRAFICA E DELL'INCISIONE";TFA;"Tirocinio formativo attivo";;
TFA052;"A058 - SCIENZE E MECCANICA AGRARIA, TECNICHE DI GESTIONE AZIENDALE, FITOPATOLOGIA ED ENTOMOLOGIA AGRARIA";TFA;"Tirocinio formativo attivo";;
TFA055;"A060 - SCIENZE NATURALI, CHIMICA E GEOGRAFIA, MICROBIOLOGIA";TFA;"Tirocinio formativo attivo";;
M12008;"MALATTIE RARE";M1;"Master di Primo Livello";;
M11025;"ACCESSI VASCOLARI: IMPIANTO E GESTIONE";M1;"Master di Primo Livello";;
M12013;"MINDFULLNESS CLINICA E RELAZIONALE";M1;"Master di Primo Livello";;
008224;"EVOLUZIONE DEL COMPORTAMENTO ANIMALE E DELL'UOMO";LS;"Laurea specialistica";http://www.naturali.unito.it/snnew2liv.html;
055201;"SCIENZE STRATEGICHE E POLITICO-ORGANIZZATIVE";LS;"Laurea specialistica";www.scienzestrat.unito.it;
001210;"AGROECOLOGIA (GIÀ C.D.L. SPEC. IN DIFESA ECOCOMPATIBILE DELLE PIANTE E C.D.L. SPEC. IN AGROINGEGNERIA GESTIONALE E DEL TERRITORIO)";LS;"Laurea specialistica";www.agraria.unito.it;
010301;"PRODUZIONI ANIMALI, GESTIONE E CONSERVAZIONE DELLA FAUNA";LT;"Laurea triennale (DM509)";www.veter.unito.it;
005302;FILOSOFIA;LT;"Laurea triennale (DM509)";www.lettere.unito.it;
005307;"SCIENZE DEI BENI CULTURALI";LT;"Laurea triennale (DM509)";www.lettere.unito.it;
070311;"TECNICHE DI LABORATORIO BIOMEDICO (ABILITANTE ALLA PROFESSIONE SANITARIA DI TECNICO DI LABORATORIO BIOMEDICO)";LT;"Laurea triennale (DM509)";www.medicina.unito.it;
CS0002;"CORSO DI ITALIANO INTERMEDIO PER STUDENTI ERASMUS";CS;"Corso Singolo";;
090501;"PSICOBIOLOGIA DEL COMPORTAMENTO UMANO";LM;"Laurea Magistrale";www.psicobiologia.unito.it;
011501;PSICOLOGIA;LM;"Laurea Magistrale";www.psicologia.unito.it;
009707;"SCIENZE STATISTICHE";L;"Laurea triennale (DM270)";http://www.didattica-est.unito.it/do/home.pl/View?doc=corsi_di_laurea_triennale/scienze_statistiche_l41.html;
008234;"CONSERVAZIONE E BIODIVERSITÀ ANIMALE";LS;"Laurea specialistica";www.biologia.unito.it;
008215;"METODOLOGIE E SISTEMI INFORMATICI";LS;"Laurea specialistica";www.educ.di.unito.it;
012307;"SCIENZE DELLA MEDIAZIONE LINGUISTICA";LT;"Laurea triennale (DM509)";www.lingue.unito.it;
001303;"TECNOLOGIE ALIMENTARI PER LA RISTORAZIONE";LT;"Laurea triennale (DM509)";www.agraria.unito.it;
009205;"STUDI EUROPEI";LS;"Laurea specialistica";www.scipol.unito.it;
011205;"GESTIONE DELLE RISORSE UMANE E SVILUPPO ORGANIZZATIVO";LS;"Laurea specialistica";www.psicologia.unito.it;
007501;"ODONTOIATRIA E PROTESI DENTARIA";LC5;"Laurea Ciclo Unico 5 anni";www.clopd.unito.it;
005204;"CORSO DI LAUREA SPECIALISTICA IN STORIA";LS;"Laurea specialistica";www.lettere.unito.it;
090312;"MATEMATICA PER LA FINANZA E L'ASSICURAZIONE";LT;"Laurea triennale (DM509)";www.scienzemfn.unito.it;
008315;"OTTICA E OPTOMETRIA";LT;"Laurea triennale (DM509)";www.ph.unito.it;
011208;"PSICOLOGIA CRIMINALE E INVESTIGATIVA";LS;"Laurea specialistica";www.psicologia.unito.it;
008219;"METODOLOGIE CHIMICHE AVANZATE";LS;"Laurea specialistica";http://www.ccs-ch.unito.it;
008222;"ANALISI E GESTIONE DELL'AMBIENTE";LS;"Laurea specialistica";http://www.naturali.unito.it;
008707;INFORMATICA;L;"Laurea triennale (DM270)";http://www.educ.di.unito.it/index.html;
003702;"INFORMAZIONE SCIENTIFICA SUL FARMACO";L;"Laurea triennale (DM270)";http://www.farmacia-dstf.unito.it/do/home.pl/View?doc=corso_isf.html;
008701;CHIMICA;L;"Laurea triennale (DM270)";"http:\\chimica.campusnet.unito.it";
001501;"SCIENZE AGRARIE";LM;"Laurea Magistrale";http://agraria-offdid.campusnet.unito.it/do/home.pl/View?doc=paginecds/sc_agrarie_270_magistrale.html;
004503;"STUDI GIURIDICI EUROPEI";LM;"Laurea Magistrale";http://www.giurisprudenza.unito.it/do/home.pl/View?doc=Corsi_di_laurea/2013_14/Studi_giuridici_europei_2013_14.html;
003504;"CHIMICA E TECNOLOGIA FARMACEUTICHE";LM5;"Laurea Magistrale Ciclo Unico 5 anni";http://www.farmacia-dstf.unito.it/do/home.pl/View?doc=Chimica_e_Tecnologia_Farmaceutiche.html;
008520;"CHIMICA DELL'AMBIENTE";LM;"Laurea Magistrale";http://chimicaambiente.campusnet.unito.it/do/home.pl;
090304;"EDUCAZIONE PROFESSIONALE (ABILITANTE ALLA PROFESSIONE SANITARIA DI EDUCATORE PROFESSIONALE)";LT;"Laurea triennale (DM509)";http://eduprof.campusnet.unito.it;
005709;"BENI CULTURALI ARCHIVISTICI E LIBRARI";L;"Laurea triennale (DM270)";http://beniculturali.campusnet.unito.it/do/home.pl;
006502;"DISCIPLINE CINEMATOGRAFICHE. STORIA, TEORIA, PATRIMONIO";LM;"Laurea Magistrale";http://sciformspec.campusnet.unito.it;
008503;"GEOSCIENZE, GEORISORSE E GEOMATERIALI";LM;"Laurea Magistrale";http://geologia.campusnet.unito.it;
092121;"IT GOVERNANCE AND COMPLIANCE";M1;"Master di Primo Livello";;
092114;"INFORMATION TECHNOLOGY AND BUSINESS PROCESS MANAGEMENT";M1;"Master di Primo Livello";;
004111;"INTERNATIONAL TRADE LAW";M1;"Master di Primo Livello";;
290503;"EVOLUZIONE DEL COMPORTAMENTO ANIMALE E DELL'UOMO";LM;"Laurea Magistrale";http://naturali.campusnet.unito.it/cgi-bin/home.pl/View?doc=lm_ecau.html;
011801;"PSICOLOGIA CLINICA";SP5;"Scuola di Specializzazione";;
007922;"PROTESI DENTARIA";M2;"Master di Secondo Livello";;
090114;"PUBLIC PROCUREMENT (GESTIONE DEGLI APPALTI PUBBLICI)";M2;"Master di Secondo Livello";;
070711;"TECNICHE DI LABORATORIO BIOMEDICO (ABILITANTE ALLA PROFESSIONE SANITARIA DI TECNICO DI LABORATORIO BIOMEDICO)";L;"Laurea triennale (DM270)";http://biomedico.campusnet.unito.it;
700945;"ASSISTENZA INFERMIERISTICA IN SALA OPERATORIA";M1;"Master di Primo Livello";;
071104;"ALLERGOLOGIA PEDIATRICA";M2;"Master di Secondo Livello";;
004112;"DIRITTO TRIBUTARIO. TRIBUTI, PROCEDIMENTI E PROCESSO TRA EFFICIENZA E GIUSTIZIA";M1;"Master di Primo Livello";;
700964;"CURE PALLIATIVE E DI FINE VITA";M1;"Master di Primo Livello";;
012107;"VIAGGI MEDITERRANEI: ITINERARI TURISTICI, COMUNICAZIONE E CULTURE";M1;"Master di Primo Livello";;
006117;"DISTURBI DI LETTURA, SCRITTURA E CALCOLO. VALUTAZIONE E INTERVENTO NEI CONTESTI SCOLASTICI";M2;"Master di Secondo Livello";;
090111;"SCIENZA E TECNOLOGIA DELL'ALIMENTAZIONE E NUTRIZIONE UMANA";M2;"Master di Secondo Livello";;
007901;"NURSING ONCOLOGICO";M1;"Master di Primo Livello";;
102109;"PRIVATE BANKING";M1;"Master di Primo Livello";;
003101;"FARMACIA TERRITORIALE ""CHIARA COLOMBO""";M2;"Master di Secondo Livello";;
700965;"ENDOSCOPIA DIGESTIVA OPERATIVA";M2;"Master di Secondo Livello";;
070720;"IGIENE DENTALE (ABILITANTE ALLA PROFESSIONE SANITARIA DI IGIENISTA DENTALE)";L;"Laurea triennale (DM270)";http://igdentale.campusnet.unito.it/cgi-bin/home.pl;
008716;"SCIENZA E TECNOLOGIA DEI MATERIALI";L;"Laurea triennale (DM270)";http://stmateriali.campusnet.unito.it/do/home.pl;
070503;"SCIENZE INFERMIERISTICHE E OSTETRICHE";LM;"Laurea Magistrale";http://lsscio.campusnet.unito.it/;
071505;"SCIENZE RIABILITATIVE DELLE PROFESSIONI SANITARIE";LM;"Laurea Magistrale";http://scienzariabilitazione.campusnet.unito.it/cgi-bin/home.pl;
092135;"INFORMATION TECHNOLOGY AND BUSINESS PROCESS MANAGEMENT";M1;"Master di Primo Livello";;
012109;"AMERICAN STUDIES";M1;"Master di Primo Livello";;
007602;"MEDICINA E CHIRURGIA (ORBASSANO)";LC6;"Laurea Ciclo Unico 6 anni";www.medicina.unito.it;
070203;"CORSO DI LAUREA SPECIALISTICA IN SCIENZE INFERMIERISTICHE E OSTETRICHE";LS;"Laurea specialistica";www.medicina.unito.it;
007829;"ORTOPEDIA E TRAUMATOLOGIA";SP5;"Scuola di Specializzazione";;
007842;"MEDICINA DELLO SPORT";SP5;"Scuola di Specializzazione";;
007837;OTORINOLARINGOIATRIA;SP5;"Scuola di Specializzazione";;
092116;"BUSINESS ADMINISTRATION";M1;"Master di Primo Livello";;
092106;"MANAGEMENT DELL'ORGANIZZAZIONE E DELLA PROMOZIONE TURISTICA";M1;"Master di Primo Livello";;
007813;GERIATRIA;SP5;"Scuola di Specializzazione";;
007809;"CHIRURGIA PLASTICA, RICOSTRUTTIVA ED ESTETICA";SP5;"Scuola di Specializzazione";;
007817;"MALATTIE INFETTIVE";SP5;"Scuola di Specializzazione";;
007803;"MICROBIOLOGIA E VIROLOGIA";SP5;"Scuola di Specializzazione";;
008527;"CHIMICA CLINICA, FORENSE E DELLO SPORT";LM;"Laurea Magistrale";http://ccfs.campusnet.unito.it/do/home.pl;
290501;"FISICA DEI SISTEMI COMPLESSI";LM;"Laurea Magistrale";http://fisica-sc.campusnet.unito.it/do/home.pl;
071805;"MEDICINA INTERNA";SP5;"Scuola di Specializzazione";;
092115;"GESTIONE E INNOVAZIONE FINANZIARIA DELLA PMI";M1;"Master di Primo Livello";;
071804;"CHIRURGIA GENERALE";SP6;"Scuola di Specializzazione";;
057105;"A545 - LINGUA STRANIERA (TEDESCO)";TFA;"Tirocinio formativo attivo";;
057213;"A446 - LINGUA E CIVILTÀ STRANIERA (SPAGNOLO)";TFA;"Tirocinio formativo attivo";;
057209;"A052 - MATERIE LETTERARIE, LATINO E GRECO NEL LICEO CLASSICO";TFA;"Tirocinio formativo attivo";;
009114;"PUBLIC POLICY AND SOCIAL CHANGE - EUROPEAN AND GLOBAL PERSPECTIVES";M2;"Master di Secondo Livello";;
057215;"A020 - DISCIPLINE MECCANICHE E TECNOLOGIA";TFA;"Tirocinio formativo attivo";;
057216;"A035 - ELETTROTECNICA ED APPLICAZIONI";TFA;"Tirocinio formativo attivo";;
057217;"A042 - INFORMATICA";TFA;"Tirocinio formativo attivo";;
001105;"PROGETTAZIONE DI GIARDINI, PARCHI E PAESAGGIO";M2;"Master di Secondo Livello";;
2303M21;"ECONOMIA E MANAGEMENT";LM;"Laurea Magistrale";http://www.ecoman.unito.it/do/home.pl;
700981;"CURE PALLIATIVE PER MEDICI SPECIALISTI";M2;"Master di Secondo Livello";;
2604M21;"SCIENZE STORICHE";LM;"Laurea Magistrale";http://scienzestoriche.campusnet.unito.it;
090131;"PROGETTAZIONE E MANAGEMENT DEL MULTIMEDIA PER LA COMUNICAZIONE";M1;"Master di Primo Livello";;
009402;"LA GESTIONE DI INTERVENTI PER LE POLITICHE DI WELFARE";CAFP;"Corsi di alta formazione professionale";;
M21004;"ODONTOIATRIA PEDIATRICA";M2;"Master di Secondo Livello";;
PAS004;"A059 - MATEMATICHE E SCIENZE NELLA SCUOLA SECONDARIA DI I GRADO";PAS;"Percorso abilitante speciale";;
PAS007;"A019 - DISCIPLINE GIURIDICHE ED ECONOMICHE";PAS;"Percorso abilitante speciale";;
TFA020;"A002 - ANATOMIA, FISIOPATOLOGIA OCULARE E LABORATORIO DI MISURE OFTALMICHE";TFA;"Tirocinio formativo attivo";;
TFA037;"A015 - COSTRUZIONI NAVALI E TEORIA DELLA NAVE";TFA;"Tirocinio formativo attivo";;
TFA021;"A040 -IGIENE, ANATOMIA, FISIOLOGIA, PATOLOGIA GENERALE E DELL'APPARATO MASTICATORIO";TFA;"Tirocinio formativo attivo";;
TFA022;"A011- ARTE MINERARIA";TFA;"Tirocinio formativo attivo";;
TFA023;"A054 - MINERALOGIA E GEOLOGIA";TFA;"Tirocinio formativo attivo";;
102411;"MODELLI DI VALUTAZIONE DELLE STRATEGIE APPLICATI ALLA GESTIONE DELLA SANITA'";CAFP;"Corsi di alta formazione professionale";;
M11003;"METODICHE ECOGUIDATE NELLE PROFESSIONI INFERMIERISTICHE E OSTETRICHE";M1;"Master di Primo Livello";;
009115;"ECONOMIA DEL LAVORO APPLICATA PER LO SVILUPPO";M1;"Master di Primo Livello";;
M11005;"SENOLOGIA PER LE PROFESSIONI SANITARIE";M1;"Master di Primo Livello";;
M11006;"DIDATTICA E PSICOPEDAGOGIA PER ALUNNI CON DISABILITA' SENSORIALI";M1;"Master di Primo Livello";;
PASP05;"A042 - INFORMATICA";PAS;"Percorso abilitante speciale";;
PAS029;"A546 - LINGUA E CIVILTA' STRANIERA (TEDESCO)";PAS;"Percorso abilitante speciale";;
M11010;"MANAGEMENT OF DEVELOPMENT";M1;"Master di Primo Livello";;
055502;"SCIENZE STRATEGICHE";LS;"Laurea specialistica";http://www.suiss.unito.it/do/home.pl;
M11019;"SOSTENIBILITA' SOCIO AMBIENTALE E DELLE RETI AGRO ALIMENTARI";M1;"Master di Primo Livello";;
TFA010;"A746 - LINGUA E CIVILTA' STRANIERA (ALBANESE)";TFA;"Tirocinio formativo attivo";;
PAS030;"C500 - TECNICA DEI SERVIZI ED ESERCITAZIONI PRATICHE DI CUCINA";PAS;"Percorso abilitante speciale";;
M12010;"PRODUCT AND PROCESS MANAGEMENT";M1;"Master di Primo Livello";;
TFA053;"A074 - ZOOTECNICA E SCIENZA DELLA PRODUZIONE ANIMALE";TFA;"Tirocinio formativo attivo";;
TFA030;"A066 - TECNOLOGIA CERAMICA";TFA;"Tirocinio formativo attivo";;
TFA034;"A016 - COSTRUZIONI, TECNOLOGIA DELLE COSTRUZIONI E DISEGNO TECNICO";TFA;"Tirocinio formativo attivo";;
TFA057;"A043,A050: ITALIANO, STORIA E GEOGRAFIA NELLA SCUOLA SECONDARIA DI I GRADO, MATERIE LETTERARIE NEGLI ISTITUTI DI ISTRUZIONE SECONDARIA DI II GRADO";TFA;"Tirocinio formativo attivo";;
M11023;"ESPERTO IN DIDATTICA APERTA 2.0 TECNICHE E METODI OPEN PER LA DIDATTICA DIGITALE";M1;"Master di Primo Livello";;
M12011;"SOLUZIONI DI SUPPORTO ALLA GESTIONE E SVILUPPO DI PRODOTTO IN AMBITO NPD E PLM";M1;"Master di Primo Livello";;
M12007;"NEFROLOGIA E DIALISI PER INFERMIERI";M1;"Master di Primo Livello";;
102508;"MANAGEMENT PUBBLICO";LM;"Laurea Magistrale";www.econ.unito.it;
070313;"TECNICHE DI RADIOLOGIA MEDICA, PER IMMAGINI E RADIOTERAPIA (ABILITANTE ALLA PROFESSIONE SANITARIA DI TECNICO DI RADIOLOGIA MEDICA)";LT;"Laurea triennale (DM509)";www.medicina.unito.it;
006302;"DISCIPLINE DELL'ARTE, DELLA MUSICA E DELLO SPETTACOLO";LT;"Laurea triennale (DM509)";www.sciform.unito.it;
008220;"CHIMICA DELL'AMBIENTE E DEI BENI CULTURALI";LS;"Laurea specialistica";www.chimicadellambiente.unito.it;
102207;"FINANZA AZIENDALE E MERCATI FINANZIARI";LS;"Laurea specialistica";www.econ.unito.it;
009310;"SVILUPPO E COOPERAZIONE";LT;"Laurea triennale (DM509)";www.scipol.unito.it;
001305;"TECNOLOGIE AGROALIMENTARI";LT;"Laurea triennale (DM509)";www.agraria.unito.it;
011204;"LAUREA SPECIALISTICA IN PSICOLOGIA CLINICA E DI COMUNITA'";LS;"Laurea specialistica";www.psicologia.unito.it;
008218;"SCIENZA DEI MATERIALI";LS;"Laurea specialistica";http://www.scienzadeimateriali.unito.it/;
090310;"SCIENZE E TURISMO ALPINO";LT;"Laurea triennale (DM509)";;
CS0001;"CORSO DI ITALIANO BASE PER STUDENTI ERASMUS";CS;"Corso Singolo";;
M11027;"MANAGEMENT DELLE AZIENDE PUBBLICHE, SANITARIE E NON PROFIT (MINOP)";M1;"Master di Primo Livello";;
012702;"LINGUE E CULTURE DELL'ASIA E DELL'AFRICA";L;"Laurea triennale (DM270)";http://asiaeafrica.campusnet.unito.it/do/home.pl;
012703;"SCIENZE DELLA MEDIAZIONE LINGUISTICA";L;"Laurea triennale (DM270)";http://www.dipartimentolingue.unito.it/mediazionelinguistica/oss-home.asp;
011702;"SCIENZE E TECNICHE PSICOLOGICHE";L;"Laurea triennale (DM270)";http://www.psicologia.unito.it/do/home.pl/View?doc=/offerta_formativa/corsi_di_studi/triennali/13-14/st_psicol.html;
009701;"SCIENZE DELL'AMMINISTRAZIONE (ON LINE)";L;"Laurea triennale (DM270)";http://www.scienzedellamministrazione.unito.it;
011302;"SCIENZE E TECNICHE PSICOLOGICHE DELLO SVILUPPO E DELL'EDUCAZIONE";LT;"Laurea triennale (DM509)";www.psicologia.unito.it;
005208;"FILOLOGIA E LETTERATURE DELL'ANTICHITÀ";LS;"Laurea specialistica";www.lettere.unito.it;
009303;"SERVIZIO SOCIALE - BIELLA";LT;"Laurea triennale (DM509)";http://hal9000.cisi.unito.it/wf/FACOLTA/Scienze-Po/Cdl-triennali/Servizio-sociale-BIELLA/index.htm;
001205;"DIFESA DEL SUOLO E MANUTENZIONE FORESTALE DEL TERRITORIO";LS;"Laurea specialistica";www.agraria.unito.it;
005303;"SOCIETA' E CULTURE D'EUROPA";LT;"Laurea triennale (DM509)";www.lettere.unito.it;
005207;"STORIA DEL PATRIMONIO ARCHEOLOGICO E STORICO-ARTISTICO";LS;"Laurea specialistica";www.lettere.unito.it;
070309;"TERAPIA DELLA NEURO E PSICOMOTRICITÀ DELL'ETÀ EVOLUTIVA (ABILITANTE ALLA PROFESSIONE SANITARIA DI TERAPISTA DELLA NEURO E PSICOMOTRICITÀ DELL'ETÀ EVOLUTIVA)";LT;"Laurea triennale (DM509)";http://evolutiva.campusnet.unito.it;
004304;"SCIENZE GIURIDICHE (CUNEO)";LT;"Laurea triennale (DM509)";www.giurisprudenza.unito.it;
003302;"INFORMAZIONE SCIENTIFICA SUL FARMACO";LT;"Laurea triennale (DM509)";www.pharm.unito.it;
004501;GIURISPRUDENZA;LM5;"Laurea Magistrale Ciclo Unico 5 anni";http://www.giurisprudenza.unito.it/do/home.pl/View?doc=/Corsi_di_laurea/Laurea_magistrale_ciclo_unico_2013-2014.html;
005210;"COMUNICAZIONE NELLA SOCIETÀ DELL'INFORMAZIONE";LS;"Laurea specialistica";www.lettere.unito.it;
070317;"INFERMIERISTICA PEDIATRICA (ABILITANTE ALLA PROFESSIONE SANITARIA DI INFERMIERE PEDIATRICO)";LT;"Laurea triennale (DM509)";www.medicina.unito.it;
102510;"PROFESSIONI CONTABILI";LM;"Laurea Magistrale";http://www.pc.unito.it;
102310;"ECONOMIA E GESTIONE DELLE IMPRESE";LT;"Laurea triennale (DM509)";www.econ.unito.it;
008510;FISICA;LM;"Laurea Magistrale";http://fisica.campusnet.unito.it/cgi-bin/home.pl;
008535;"BIOTECNOLOGIE INDUSTRIALI";LM;"Laurea Magistrale";http://biotecnologieindustriali.campusnet.unito.it/do/home.pl;
005512;"CULTURE MODERNE COMPARATE";LM;"Laurea Magistrale";http://culturecomparate.campusnet.unito.it/do/home.pl;
071604;"MEDICINA E CHIRURGIA";LM6;"Laurea Magistrale Ciclo Unico 6 anni";http://medchirurgiasl.campusnet.unito.it/cgi-bin/home.pl;
008704;"SCIENZE NATURALI";L;"Laurea triennale (DM270)";http://naturali.campusnet.unito.it;
012313;"SCIENZE DELLA MEDIAZIONE LINGUISTICA PER IL DOPPIAGGIO CINE-TELEVISIVO";LT;"Laurea triennale (DM509)";www.lingue.unito.it;
102501;"ECONOMIA, GESTIONE E VALORIZZAZIONE DEL TURISMO";LM;"Laurea Magistrale";www.econ.unito.it;
102722;"ECONOMIA E COMMERCIO";L;"Laurea triennale (DM270)";http://www.ecocomm.unito.it;
102113;"MANAGEMENT - CUSTOMER FIRST";M1;"Master di Primo Livello";;
009110;"WORLD HERITAGE AT WORK";M1;"Master di Primo Livello";;
700956;"SCIENZE DELLA FORMAZIONE TUTORIALE SPECIFICA PER LE PROFESSIONI SANITARIE IN CAMPO RIABILITATIVO, TECNICO SANITARIO E DI PREVENZIONE";M1;"Master di Primo Livello";;
700937;"FARMACOLOGIA CLINICA DEGLI ANTIRETROVIRALI";M2;"Master di Secondo Livello";;
012504;"COMUNICAZIONE INTERNAZIONALE PER IL TURISMO";LM;"Laurea Magistrale";http://www.dipartimentolingue.unito.it/turismomagistrale/oss-home.asp;
012705;"LINGUE E CULTURE PER IL TURISMO";L;"Laurea triennale (DM270)";http://www.dipartimentolingue.unito.it/turismo/oss-home.asp;
700960;"PREVENZIONE CARDIOVASCOLARE E DISLIPIDEMIE";M2;"Master di Secondo Livello";;
102118;"MANAGEMENT DELLE AZIENDE OSPEDALIERE E SANITARIE LOCALI";M1;"Master di Primo Livello";;
070707;"LOGOPEDIA (ABILITANTE ALLA PROFESSIONE SANITARIA DI LOGOPEDISTA)";L;"Laurea triennale (DM270)";http://logopedia.campusnet.unito.it/do/home.pl;
004705;"DIRITTO PER LE IMPRESE E LE ISTITUZIONI";L;"Laurea triennale (DM270)";http://www.giurisprudenza.unito.it/do/home.pl/View?doc=/Corsi_di_laurea/2014_15/Diritto_per_le_imprese_e_le_istituzioni_anno_2014_15.html;
071702;"INFERMIERISTICA (ABILITANTE ALLA PROFESSIONE SANITARIA DI INFERMIERE)";L;"Laurea triennale (DM270)";http://medtriennalisl.campusnet.unito.it/do/home.pl;
070713;"TECNICHE DI RADIOLOGIA MEDICA, PER IMMAGINI E RADIOTERAPIA (ABILITANTE ALLA PROFESSIONE SANITARIA DI TECNICO DI RADIOLOGIA MEDICA)";L;"Laurea triennale (DM270)";http://medradioto.campusnet.unito.it;
001104;"PROGETTAZIONE DEL PAESAGGIO E DELLE AREE VERDI";M1;"Master di Primo Livello";;
007931;"SVILUPPO DELLA SALUTE DEL CAVO ORALE NELLE COMUNITA' SVANTAGGIATE E NEI PAESI IN VIA DI SVILUPPO";M1;"Master di Primo Livello";;
700955;"ORGANIZZAZIONE E COORDINAMENTO DELLE PROFESSIONI TECNICO DIAGNOSTICHE E TECNICO ASSISTENZIALI";M1;"Master di Primo Livello";;
092127;"INFORMATION TECHNOLOGY AND BUSINESS PROCESS MANAGEMENT";M1;"Master di Primo Livello";;
070709;"TERAPIA DELLA NEURO E PSICOMOTRICITÀ DELL'ETÀ EVOLUTIVA (ABILITANTE ALLA PROFESSIONE SANITARIA  DI TERAPISTA DELLA NEURO E PSICOMOTRICITÀ DELL'ETÀ EVOLUTIVA)";L;"Laurea triennale (DM270)";http://evolutiva.campusnet.unito.it/;
700949;"PROFESSIONI SANITARIE FORENSI: RESPONSABILITA' E IMPLICAZIONI";M1;"Master di Primo Livello";;
102117;"QUALITY MANAGEMENT SYSTEMS IN THE HEALTH ORGANIZATIONS";M2;"Master di Secondo Livello";;
102115;"RISPARMIO E PREVIDENZA";M1;"Master di Primo Livello";;
012105;"STUDI AMERICANI";M1;"Master di Primo Livello";;
071102;"MEDICINA PALLIATIVA";M1;"Master di Primo Livello";;
008107;"CLOUD COMPUTING E SERVIZI SOFTWARE";M1;"Master di Primo Livello";;
102126;"INSURANCE AND RISK MANAGEMENT";M2;"Master di Secondo Livello";;
090129;"INFERMIERE DI FAMIGLIA E DI COMUNITA'";M1;"Master di Primo Livello";;
004113;"INTELLECTUAL PROPERTY";M1;"Master di Primo Livello";;
005203;"ANTROPOLOGIA CULTURALE ED ETNOLOGIA";LS;"Laurea specialistica";www.letter.it;
007818;"MEDICINA D'EMERGENZA-URGENZA";SP5;"Scuola di Specializzazione";;
700935;"CHIRURGIA ORALE";M2;"Master di Secondo Livello";;
007838;RADIOTERAPIA;SP5;"Scuola di Specializzazione";;
092109;"MANAGEMENT DEL PATRIMONIO IMMOBILIARE";M1;"Master di Primo Livello";;
007807;CARDIOCHIRURGIA;SP5;"Scuola di Specializzazione";;
007814;"GINECOLOGIA ED OSTETRICIA";SP5;"Scuola di Specializzazione";;
057103;"A345 - LINGUA STRANIERA (INGLESE)";TFA;"Tirocinio formativo attivo";;
057102;"A059 - MATEMATICHE E SCIENZE NELLA SCUOLA SECONDARIA DI I GRADO";TFA;"Tirocinio formativo attivo";;
057202;"A036 - FILOSOFIA, PSICOLOGIA E SCIENZE DELL'EDUCAZIONE";TFA;"Tirocinio formativo attivo";;
071810;PSICHIATRIA;SP5;"Scuola di Specializzazione";;
008512;"SCIENZE DEI SISTEMI NATURALI";LM;"Laurea Magistrale";http://naturali.campusnet.unito.it/do/home.pl/View?doc=HomeLMSSN.html;
057208;"A051 - MATERIE LETTERARIE E LATINO NEI LICEI E NELL'ISTITUTO MAGISTRALE";TFA;"Tirocinio formativo attivo";;
006122;"DIDATTICA DELL'ITALIANO L2 (MITAL 2)";M1;"Master di Primo Livello";;
006121;"DIDATTICA E PSICOPEDAGOGIA PER I DISTURBI SPECIFICI DI APPRENDIMENTO";M1;"Master di Primo Livello";;
092137;"MANAGEMENT DELL'OSPITALITA' E DELLO SPORT";M1;"Master di Primo Livello";;
700977;"CASE MANAGEMENT INFERMIERISTICO IN MEDICINA E CHIRURGIA";M1;"Master di Primo Livello";;
700982;"CEFALEE - FISIOPATOLOGIA,  DIAGNOSI E TERAPIA";M2;"Master di Secondo Livello";;
102129;"ECONOMIA, MANAGEMENT, PROMOZIONE E VALORIZZAZIONE DEL TURISMO";M1;"Master di Primo Livello";;
092140;"MANAGEMENT DELL'IMPRESA COOPERATIVA";M1;"Master di Primo Livello";;
102404;"MANAGEMENT DELLA CULTURA COME FATTORE DI SVILUPPO DEL WELFARE";CAFP;"Corsi di alta formazione professionale";;
102407;"METODOLOGIE DI SVILUPPO PER L'IMPRENDITORIALITA' INDIVIDUALE COME FATTORE DI BENESSERE SOCIALE";CAFP;"Corsi di alta formazione professionale";;
M12002;"FINANZA AZIENDALE E CREAZIONE DI VALORE";M1;"Master di Primo Livello";;
M11013;"MANAGEMENT E CREATIVITA' DEI PATRIMONI COLLINARI";M1;"Master di Primo Livello";;
CFP004;"MEDIA, ECONOMIA, EDUCAZIONE";CAFP;"Corsi di alta formazione professionale";;
M11017;"EUROPEAN LEGAL AND ECONOMIC AFFAIRS";M1;"Master di Primo Livello";;
CFP025;"PROGETTAZIONE GESTIONE E CONTROLLO DEI PROGRAMMI DELL'UNIONE EUROPEA";CAFP;"Corsi di alta formazione professionale";;
102410;"LA GESTIONE DEL PERSONALE ALL'INTERNO DELLE ORGANIZZAZIONI SANITARIE";CAFP;"Corsi di alta formazione professionale";;
005509;"LETTERATURA, FILOLOGIA E LINGUISTICA ITALIANA";LM;"Laurea Magistrale";http://letteratura.campusnet.unito.it/do/home.pl;
008515;INFORMATICA;LM;"Laurea Magistrale";http://beta.educ.di.unito.it/index.php/offerta-formativa/laurea-magistrale/;
009709;"SCIENZE INTERNAZIONALI, DELLO SVILUPPO E DELLA COOPERAZIONE";L;"Laurea triennale (DM270)";http://www.didattica-cps.unito.it/do/home.pl/View?doc=corsi_di_studio/SISCO_scienze_intern_sviluppo_coop/presentazione.html;
PAS022;"C240 - LABORATORIO DI CHIMICA E CHIMICA INDUSTRIALE";PAS;"Percorso abilitante speciale";;
PASP01;"A033 - EDUCAZIONE TECNICA NELLA SCUOLA MEDIA";PAS;"Percorso abilitante speciale";;
PASA03;"A040 - IGIENE, ANATOMIA, FISIOLOGIA, PATOLOGIA GENERALE E DELL'APPARATO MASTICATORIO";PAS;"Percorso abilitante speciale";;
PASA07;"A060 - SCIENZE NATURALI, CHIMICA E GEOGRAFIA, MICROBIOLOGIA (UPO)";PAS;"Percorso abilitante speciale";;
PASP02;"A020 - DISCIPLINE MECCANICHE E TECNOLOGIA";PAS;"Percorso abilitante speciale";;
PASP03;"A034 - ELETTRONICA";PAS;"Percorso abilitante speciale";;
M22004;"COMPETENZE RELAZIONALI PER INSEGNANTI CON ALUNNI CON BISOGNI EDUCATIVI SPECIALI";M2;"Master di Secondo Livello";;
M11008;"FORMAZIONE TUTORIALE SPECIFICA PER LE PROFESSIONI SANITARIE SNT/2, SNT/3 E SNT/4";M1;"Master di Primo Livello";;
TFA015;"A028 - EDUCAZIONE ARTISTICA";TFA;"Tirocinio formativo attivo";;
TFA017;"A031 - EDUCAZIONE MUSICALE NEGLI ISTITUTI DI ISTRUZIONE SECONDARIA DI II GRADO";TFA;"Tirocinio formativo attivo";;
CFP036;"METODI E STRUMENTI DELLA NUOVA INFORMAZIONE 2.0 PER LA SCUOLA: COMUNICAZIONE, MANAGEMENT, DIDATTICA";CAFP;"Corsi di alta formazione professionale";;
CPA004;"PSICHIATRIA FORENSE";CPA;"Corso di Perfezionamento";;
M21015;"URODINAMICA AVANZATA";M2;"Master di Secondo Livello";;
TFA047;"A062 - TECNICA DELLA REGISTRAZIONE DEL SUONO";TFA;"Tirocinio formativo attivo";;
CLI200;"PERFEZIONAMENTO INSEGNAMENTO DI DISCIPLINA NON LINGUISTICA - 20 CFU";CLIL20;"Perfezionamento insegnamento di disciplina non linguistica in lingua (20 CFU)";;
TFA061;"A545,A546: LINGUA STRANIERA (TEDESCO), LINGUA E CIVILTA' STRANIERA (TEDESCO)";TFA;"Tirocinio formativo attivo";;
TFA013;"A025 - DISEGNO E STORIA DELL'ARTE";TFA;"Tirocinio formativo attivo";;
307274;URORIABILITAZIONE;CPA;"Corso di Perfezionamento";;
307282;"CHIRURGIA TORACICA ONCOLOGICA";CPA;"Corso di Perfezionamento";;
090712;"MATEMATICA PER LA FINANZA E L'ASSICURAZIONE";L;"Laurea triennale (DM270)";http://matematicafinanza.campusnet.unito.it/do/home.pl;
001318;"PRODUZIONI VEGETALI";LT;"Laurea triennale (DM509)";www.agraria.unito.it;
006301;"SCIENZE DELL'EDUCAZIONE";LT;"Laurea triennale (DM509)";www.sciform.unito.it;
001308;"DIFESA DEL SUOLO E MANUTENZIONE IDRAULICO FORESTALE DEL TERRITORIO";LT;"Laurea triennale (DM509)";www.agraria.unito.it;
011206;"APPRENDIMENTO, CAMBIAMENTO E FORMAZIONE DEGLI ADULTI";LS;"Laurea specialistica";www.psicologia.unito.it;
056201;"BIOTECNOLOGIE MOLECOLARI";LS;"Laurea specialistica";http://hal9000.cisi.unito.it/wf/FACOLTA/Scuola-Uni1/TELECOMUNI/index.htm;
070304;"INFERMIERISTICA (ABILITANTE ALLA PROFESSIONE SANITARIA DI INFERMIERE) (VALLE D'AOSTA)";LT;"Laurea triennale (DM509)";www.medicina.unito.it;
005205;"COMUNICAZIONE PER LE ISTITUZIONI E LE IMPRESE";LS;"Laurea specialistica";www.scidecom.unito.it;
008307;INFORMATICA;LT;"Laurea triennale (DM509)";www.educ.di.unito.it;
003502;"CHIMICA E TECNOLOGIA FARMACEUTICHE";LC5;"Laurea Ciclo Unico 5 anni";;
102208;"MANAGEMENT PUBBLICO";LS;"Laurea specialistica";www.econ.unito.it;
CS0003;"CORSO DI ITALIANO AVANZATO PER STUDENTI ERASMUS";CS;"Corso Singolo";;
M12012;"PROCESSI AZIENDALI E SISTEMI INFORMATIVI";M1;"Master di Primo Livello";;
090205;"SCIENZE DELLA RIABILITAZIONE";LS;"Laurea specialistica";fcl-trp-to@unito.it;
A017;"FILOLOGIA PROVA";LM;"Laurea Magistrale";;
012701;"LINGUE E LETTERATURE MODERNE";L;"Laurea triennale (DM270)";http://www.dipartimentolingue.unito.it/lingueletterature/oss-home.asp;
011502;"PSICOLOGIA CLINICA E DI COMUNITÀ";LM;"Laurea Magistrale";http://www.psicologia.unito.it;
009505;"POLITICHE E SERVIZI SOCIALI";LM;"Laurea Magistrale";http://www.didattica-cps.unito.it;
008209;"BIOLOGIA SANITARIA";LS;"Laurea specialistica";www.biologia.unito.it;
006304;"CORSO DI LAUREA IN SCIENZE DELL'EDUCAZIONE (SAVIGLIANO)";LT;"Laurea triennale (DM509)";www.sciform.unito.it;
012204;"LINGUE E CULTURE PER IL TURISMO";LS;"Laurea specialistica";www.lingue.unito.it;
090202;SOCIOLOGIA;LS;"Laurea specialistica";www.scipol.unito.it;
005206;"COMUNICAZIONE MULTIMEDIALE E DI MASSA";LS;"Laurea specialistica";www.lettere.unito.it;
003501;FARMACIA;LC5;"Laurea Ciclo Unico 5 anni";www.pharm.unito.it;
070301;"INFERMIERISTICA (ABILITANTE ALLA PROFESSIONE SANITARIA DI INFERMIERE)";LT;"Laurea triennale (DM509)";www.climolinette.unito.it;
001207;"BIOTECNOLOGIE AGRARIE VEGETALI";LS;"Laurea specialistica";www.agraria.unito.it;
004306;"DIRITTO DELLE PUBBLICHE AMMINISTRAZIONI E DELLE ORGANIZZAZIONI INTERNAZIONALI";LT;"Laurea triennale (DM509)";www.giurisprudenza.unito.it;
011207;"COMPETENZE RELAZIONALI NELLE ORGANIZZAZIONI";LS;"Laurea specialistica";www.psicologia.unito.it;
090206;"SCIENZE E TECNOLOGIE ZOOTECNICHE";LS;"Laurea specialistica";www.veter.unito.it;
001317;"SCIENZE E TECNOLOGIE AGRARIE";LT;"Laurea triennale (DM509)";www.agraria.unito.it;
092301;"CORSO DI LAUREA INTERFACOLTÀ IN MANAGEMENT DELL'INFORMAZIONE E DELLA COMUNICAZIONE AZIENDALE";LT;"Laurea triennale (DM509)";www.saa.unito.it;
004701;"SCIENZE DEL DIRITTO E DELL'ATTIVITÀ NORMATIVA";L;"Laurea triennale (DM270)";"www.giurisprudenza .unito.it";
006508;"STORIA E CRITICA DELLE CULTURE MUSICALI";LM;"Laurea Magistrale";http://sciformspec.campusnet.unito.it;
008518;"SCIENZA DEI MATERIALI";LM;"Laurea Magistrale";http://scienzadeimateriali.campusnet.unito.it/do/home.pl;
008538;MATEMATICA;LM;"Laurea Magistrale";http://matematicalm.campusnet.unito.it/do/home.pl;
007502;"ODONTOIATRIA E PROTESI DENTARIA";LM6;"Laurea Magistrale Ciclo Unico 6 anni";http://odontoiatria.campusnet.unito.it/cgi-bin/home.pl;
001504;"SCIENZE FORESTALI E AMBIENTALI";LM;"Laurea Magistrale";http://agraria-offdid.campusnet.unito.it/do/home.pl/View?doc=paginecds/sc_forestali_270.html;
001703;"TECNOLOGIE ALIMENTARI";L;"Laurea triennale (DM270)";http://agraria-offdid.campusnet.unito.it/do/home.pl/View?doc=paginecds/tec_alimentare_270.html;
092136;"MANAGEMENT DELL'IMPRESA COOPERATIVA";M1;"Master di Primo Livello";;
290502;"ANALISI E GESTIONE DELL'AMBIENTE";LM;"Laurea Magistrale";;
006702;"DAMS (DISCIPLINE DELL'ARTE DELLA MUSICA E DELLO SPETTACOLO), TELEVISIONE E NUOVI MEDIA";L;"Laurea triennale (DM270)";http://dams.campusnet.unito.it/;
008709;"TECNOLOGIE PER I BENI CULTURALI";L;"Laurea triennale (DM270)";http://stbeniculturali.campusnet.unito.it/cgi-bin/home.pl;
008715;"OTTICA E OPTOMETRIA";L;"Laurea triennale (DM270)";http://otticaeoptometria.campusnet.unito.it/cgi-bin/home.pl;
006505;"SCIENZE PEDAGOGICHE";LM;"Laurea Magistrale";http://scienzepedagogiche.campusnet.unito.it/do/home.pl;
009109;"I PROFESSIONISTI DEL PATRIMONIO CULTURALE";M1;"Master di Primo Livello";;
700944;"ENDOCRINOLOGIA, DIABETOLOGIA E MALATTIE DEL METABOLISMO";M1;"Master di Primo Livello";;
008710;"SCIENZE GEOLOGICHE";L;"Laurea triennale (DM270)";http://geologia.campusnet.unito.it;
090112;GIORNALISMO;M1;"Master di Primo Livello";;
090118;"PROGETTAZIONE E MANAGEMENT DEL MULTIMEDIA PER LA COMUNICAZIONE (MATEC)";M1;"Master di Primo Livello";;
092119;"GESTIONE DEI PROCESSI DI VENDITA";M1;"Master di Primo Livello";;
006113;"MANAGEMENT DELLE ISTITUZIONI SCOLASTICHE E FORMATIVE";M2;"Master di Secondo Livello";;
092120;"GESTIONE DEI SERVIZI BANCARI E FINANZIARI (BANKING AND FINANCIAL SERVICES MANAGEMENT)";M1;"Master di Primo Livello";;
071802;"MALATTIE DELL'APPARATO RESPIRATORIO";SP5;"Scuola di Specializzazione";;
090128;"SCIENZE E CULTURA DELLA MONTAGNA (PRO-MONT)";M1;"Master di Primo Livello";;
007909;"MEDICINA ORALE E CURE ODONTOIATRICHE IN PAZIENTI A RISCHIO";M2;"Master di Secondo Livello";;
012507;"LINGUE E CIVILTA' DELL'ASIA E DELL'AFRICA";LM;"Laurea Magistrale";http://asiaeafricalm.campusnet.unito.it/do/home.pl;
391001;"CHINESIOLOGIA: EDUCAZIONE ALLA SALUTE, ALLA QUALITA' DELLA VITA ED ALLA SUA SOSTENIBILITA'";CPA;"Corso di Perfezionamento";;
004504;"GOVERNO DELLE AMMINISTRAZIONI";LM;"Laurea Magistrale";www.giurisprudenza.unito.it;
700940;"INFERMIERISTICA DI AREA CRITICA";M1;"Master di Primo Livello";;
092124;"FINANZA E CONTROLLO DI GESTIONE. ORIENTAMENTO CFO DIREZIONE, AMMINISTRAZIONE, FINANZA E CONTROLLO";M2;"Master di Secondo Livello";;
092112;"PROCESSI AZIENDALI E SISTEMI INFORMATIVI";M1;"Master di Primo Livello";;
070715;"TECNICHE DI NEUROFISIOPATOLOGIA (ABILITANTE ALLA PROFESSIONE SANITARIA DI TECNICO DI NEUROFISIOPATOLOGIA)";L;"Laurea triennale (DM270)";http://neurofisiopatologia.campusnet.unito.it/cgi-bin/home.pl;
007912;PSICO-ONCOLOGIA;M2;"Master di Secondo Livello";;
092132;"MANAGEMENT DEI PROGRAMMI DELL'UNIONE EUROPEA . PROGETTAZIONE, GESTIONE E CONTROLLO";M1;"Master di Primo Livello";;
009112;"ANALISI, PREVENZIONE E CONTRASTO DELLA CRIMINALITA' ORGANIZZATA E DELLA CORRUZIONE POLITICA";M1;"Master di Primo Livello";;
007802;"GENETICA MEDICA";SP5;"Scuola di Specializzazione";;
007801;"BIOCHIMICA CLINICA";SP5;"Scuola di Specializzazione";;
090126;"RESPONSABILITA' E GESTIONE DELLA QUALITA' NELL'IMPRESA ALIMENTARE  (REGIA)";M1;"Master di Primo Livello";;
102122;"LEADERSHIP, QUALITA' E MANAGEMENT NELLA DIRIGENZA DEL MIUR";M2;"Master di Secondo Livello";;
102123;"ECONOMIA E POLITICA SANITARIA (M.E.P.SA.)";M1;"Master di Primo Livello";;
070718;"DIETISTICA (ABILITANTE ALLA PROFESSIONE SANITARIA DI DIETISTA)";L;"Laurea triennale (DM270)";http://dietistica.campusnet.unito.it/cgi-bin/home.pl;
102124;"BUSINESS ADMINISTRATION ENGLISH VERSION (MBA)";M1;"Master di Primo Livello";;
102127;"MANAGEMENT & GOVERNANCE DELLE ASSICURAZIONI";M2;"Master di Secondo Livello";;
006203;"TEATRO E ARTI DELLA SCENA";LS;"Laurea specialistica";www.sciform.unito.it;
005504;"SCIENZE STORICHE E DOCUMENTARIE";LM;"Laurea Magistrale";www.lettere.unito.it;
007828;"ONCOLOGIA MEDICA";SP5;"Scuola di Specializzazione";;
007806;"ANESTESIA RIANIMAZIONE E TERAPIA INTENSIVA";SP5;"Scuola di Specializzazione";;
007834;"CHIRURGIA MAXILLO-FACCIALE";SP5;"Scuola di Specializzazione";;
007839;UROLOGIA;SP5;"Scuola di Specializzazione";;
007840;"CHIRURGIA VASCOLARE";SP5;"Scuola di Specializzazione";;
007808;"CHIRURGIA GENERALE";SP6;"Scuola di Specializzazione";;
007830;PEDIATRIA;SP5;"Scuola di Specializzazione";;
007804;"PATOLOGIA CLINICA";SP5;"Scuola di Specializzazione";;
007822;"MEDICINA LEGALE";SP5;"Scuola di Specializzazione";;
007820;"MEDICINA FISICA E RIABILITATIVA";SP5;"Scuola di Specializzazione";;
007826;"NEUROPSICHIATRIA INFANTILE";SP5;"Scuola di Specializzazione";;
003701;"TECNICHE ERBORISTICHE";L;"Laurea triennale (DM270)";http://www.farmacia-dstf.unito.it/do/home.pl/View?doc=Corso_TE.html;
092701;"MANAGEMENT DELL'INFORMAZIONE E DELLA COMUNICAZIONE AZIENDALE";L;"Laurea triennale (DM270)";http://saa.campusnet.unito.it;
001717;"SCIENZE E TECNOLOGIE AGRARIE";L;"Laurea triennale (DM270)";http://agraria-offdid.campusnet.unito.it/do/home.pl/View?doc=paginecds/sc_agrarie_270.html;
071806;NEUROLOGIA;SP5;"Scuola di Specializzazione";;
071809;OTORINOLARINGOIATRIA;SP5;"Scuola di Specializzazione";;
057201;"A029 - EDUCAZIONE FISICA";TFA;"Tirocinio formativo attivo";;
071811;RADIODIAGNOSTICA;SP5;"Scuola di Specializzazione";;
092133;"BUSINESS ADMINISTRATION";M1;"Master di Primo Livello";;
011105;"COMPETENZE RELAZIONALI PER INSEGNANTI CHE INTERAGISCONO CON ALUNNI E FAMIGLIE CON BISOGNI EDUCATIVI SPECIALI";M2;"Master di Secondo Livello";;
371003;"ALLERGOLOGIA PEDIATRICA";CPA;"Corso di Perfezionamento";;
008112;"SERVIZI SOFTWARE E CLOUD COMPUTING";M1;"Master di Primo Livello";;
700976;"IMPLANTOLOGIA PROTESICA";M2;"Master di Secondo Livello";;
700980;"SENOLOGIA PER LE PROFESSIONI SANITARIE - BREAST NURSE";M1;"Master di Primo Livello";;
102403;"RIFORMA FEDERALISTA E ARMONIZZAZIONE DEI SISTEMI DI CONTABILITA' E BILANCIO PUBBLICI";CAFP;"Corsi di alta formazione professionale";;
303203;"FARMACIA DI COMUNITA'";CPA;"Corso di Perfezionamento";;
102412;"LABORATORIO PER LA FINANZA D'IMPRESA";CAFP;"Corsi di alta formazione professionale";;
PAS003;"A043 - ITALIANO, STORIA E GEOGRAFIA NELLA SCUOLA SECONDARIA DI I GRADO";PAS;"Percorso abilitante speciale";;
PAS006;"A017 - DISCIPLINE ECONOMICO-AZIENDALI";PAS;"Percorso abilitante speciale";;
M11014;"WORLD HERITAGE AND CULTURAL PROJECTS FOR DEVELOPMENT";M1;"Master di Primo Livello";;
CFP011;"QUANDO LE RISORSE SCARSEGGIANO. IL FOUND-RAISING E GLI OBBLIGHI IN MATERIA DI TRASPARENZA";CAFP;"Corsi di alta formazione professionale";;
CFP015;"ECONOMIA E FINANZA DEI SISTEMI SANITARI";CAFP;"Corsi di alta formazione professionale";;
CFP016;"MOVIMENTO E ALIMENTAZIONE PER UNA SALUTE COLLETTIVA SOSTENIBILE";CAFP;"Corsi di alta formazione professionale";;
CFP018;"GLI SVILUPPI NEL SETTORE DELLA SICUREZZA ALIMENTARE: CONOSCERE, GESTIRE E IMPLEMENTARE IL SISTEMA";CAFP;"Corsi di alta formazione professionale";;
TFA041;"A006 - ARTE DELLA CERAMICA";TFA;"Tirocinio formativo attivo";;
TFA005;"A022 - DISCIPLINE PLASTICHE";TFA;"Tirocinio formativo attivo";;
102409;"NUOVI APPROCCI E MODELLI DI PROCUREMENT APPLICATI AL SETTORE SANITARIO";CAFP;"Corsi di alta formazione professionale";;
M22002;"TERAPIA PARODONTALE: DALLA BIOLOGIA ALLA CLINICA";M2;"Master di Secondo Livello";;
005704;"SCIENZE DELLA COMUNICAZIONE";L;"Laurea triennale (DM270)";http://comunicazione.campusnet.unito.it/do/home.pl;
2601L31;"BENI CULTURALI";L;"Laurea triennale (DM270)";http://beniculturali.campusnet.unito.it;
PAS026;"A246 - LINGUA E CIVILTA' STRANIERA (FRANCESE)";PAS;"Percorso abilitante speciale";;
055302;"LAUREA TRIENNALE INTERDIPARTIMENTALE IN SCIENZE STRATEGICHE";LT;"Laurea triennale (DM509)";http://www.suiss.unito.it/do/home.pl;
M21014;"CHIRURGIA DEL GINOCCHIO";M2;"Master di Secondo Livello";;
TFA032;"A068 - TECNOLOGIE DELL'ABBIGLIAMENTO";TFA;"Tirocinio formativo attivo";;
M11018;"OCCUPATIONAL SAFETY AND HEALTH";M1;"Master di Primo Livello";;
TFA046;"A044 - LINGUAGGIO PER LA CINEMATOGRAFIA E LA TELEVISIONE";TFA;"Tirocinio formativo attivo";;
CFP037;"CREDIT ACADEMY";CAFP;"Corsi di alta formazione professionale";;
M12009;"COORDINAMENTO INFERMIERISTICO DI DONAZIONE E TRAPIANTO DI ORGANI, TESSUTI E CELLULE";M1;"Master di Primo Livello";;
TFA036;"A001 - AEROTECNICA E COSTRUZIONI AERONAUTICHE";TFA;"Tirocinio formativo attivo";;
TFA059;"A345,A346: LINGUA STRANIERA (INGLESE) , LINGUA E CIVILTA' STRANIERA (INGLESE)";TFA;"Tirocinio formativo attivo";;
TFA011;"A023 - DISEGNO E MODELLAZIONE ODONTOTECNICA";TFA;"Tirocinio formativo attivo";;
1203M21;"STOCHASTICS AND DATA SCIENCE";LM;"Laurea Magistrale";;
010804;"CLINICA BOVINA";SP3;"Scuola di Specializzazione";;
TFA045;"A010 - ARTI DEI METALLI E DELL'OREFICERIA";TFA;"Tirocinio formativo attivo";;
TFA016;"A030 - EDUCAZIONE FISICA NELLA SCUOLA MEDIA";TFA;"Tirocinio formativo attivo";;
006010;"SCIENZE DELLA FORMAZIONE PRIMARIA";LV;"Laurea vecchio ordinamento";http://sciformprim.campusnet.unito.it/cgi-bin/home.pl;
004702;"DIRITTO DELLE AMMINISTRAZIONI NAZIONALI E INTERNAZIONALI";L;"Laurea triennale (DM270)";www.giurisprudenza.unito.it;
001203;"SCIENZE E TECNOLOGIE AGROALIMENTARI";LS;"Laurea specialistica";www.agraria.unito.it;
102206;"ECONOMIA DELLE ISTITUZIONI, DELL'AMBIENTE E DEL TERRITORIO";LS;"Laurea specialistica";;
009210;"RELAZIONI PUBBLICHE E RETI MEDIALI";LS;"Laurea specialistica";www.scipol.unito.it;
155302;"CORSO DI LAUREA INTERFACOLTÀ E INTERATENEO IN SCIENZE STRATEGICHE";LT;"Laurea triennale (DM509)";;
005201;"FILOSOFIA E STORIA DELLE IDEE";LS;"Laurea specialistica";www.lettere.unito.it;
012202;"LINGUE E LETTERATURE MODERNE COMPARATE";LS;"Laurea specialistica";;
005309;"BENI CULTURALI ARCHIVISTICI E LIBRARI";LT;"Laurea triennale (DM509)";;
008310;"SCIENZE GEOLOGICHE";LT;"Laurea triennale (DM509)";www.geologia.unito.it;
005304;"SCIENZE DELLA COMUNICAZIONE";LT;"Laurea triennale (DM509)";www.scidecom.unito.it;
001311;"SCIENZE FORESTALI E AMBIENTALI";LT;"Laurea triennale (DM509)";www.agraria.it;
009206;"ANALISI E VALUTAZIONE DEI SISTEMI COMPLESSI";LS;"Laurea specialistica";www.scipol.unito.it;
011203;"PSICOLOGIA DELLO SVILUPPO E DELL'EDUCAZIONE";LS;"Laurea specialistica";www.psicologia.unito.it;
055202;"SCIENZE STRATEGICHE E DEI SISTEMI INFRASTRUTTURALI";LS;"Laurea specialistica";http://www.scienzestrat.unito.it/;
070306;"FISIOTERAPIA (ABILITANTE ALLA PROFESSIONE SANITARIA DI FISIOTERAPISTA)";LT;"Laurea triennale (DM509)";http://medcto.campusnet.unito.it/cgi-bin/home.pl;
090301;"SCIENZE GEOGRAFICHE E TERRITORIALI";LT;"Laurea triennale (DM509)";www.econ.unito.it;
070205;"SCIENZE DELLE PROFESSIONI SANITARIE TECNICHE DIAGNOSTICHE";LS;"Laurea specialistica";;
012704;"SCIENZE DEL TURISMO";L;"Laurea triennale (DM270)";;
011503;"PSICOLOGIA DELLO SVILUPPO E DELL'EDUCAZIONE";LM;"Laurea Magistrale";http://www.psicologia.unito.it/do/home.pl/View?doc=offerta_formativa/corsi_di_studi/magistrali/11-12/sviluppo.html;
009706;"SCIENZE SOCIALI";L;"Laurea triennale (DM270)";www.scipol.unito.it;
009501;"SCIENZE INTERNAZIONALI";LM;"Laurea Magistrale";http://www.didattica-cps.unito.it;
102303;"ECONOMIA AZIENDALE";LT;"Laurea triennale (DM509)";www.econ.unito.it;
009204;"PROGRAMMAZIONE DELLE POLITICHE E DEI SERVIZI SOCIALI";LS;"Laurea specialistica";www.scipol.unito.it;
008227;"CHIMICA CLINICA, FORENSE E DELLO SPORT";LS;"Laurea specialistica";www.chimicaforense.unito.it;
001204;"SCIENZE FORESTALI E AMBIENTALI";LS;"Laurea specialistica";www.agraria.unito.it;
102210;"PROFESSIONI CONTABILI";LS;"Laurea specialistica";www.econ.unito.it;
007601;"MEDICINA E CHIRURGIA (TORINO)";LC6;"Laurea Ciclo Unico 6 anni";www.medicina.unito.it;
012203;"LINGUE STRANIERE PER LA COMUNICAZIONE  INTERNAZIONALE";LS;"Laurea specialistica";www.lingue.unito.it;
090201;"BIOTECNOLOGIE APPLICATE ALLA SANITA' UMANA ED ANIMALE";LS;"Laurea specialistica";www.veter.unito.it;
001503;"SCIENZE E TECNOLOGIE ALIMENTARI";LM;"Laurea Magistrale";http://agraria-offdid.campusnet.unito.it/do/home.pl/View?doc=paginecds/tec_agrolimentari__270_magistrale.html;
006506;"METODOLOGIE DELLA STORIA DELL'ARTE";LM;"Laurea Magistrale";http://sciformspec.campusnet.unito.it;
005506;"COMUNICAZIONE E CULTURE DEI MEDIA";LM;"Laurea Magistrale";http://media.campusnet.unito.it/do/home.pl;
102506;"ECONOMIA , ISTITUZIONI E TERRITORIO";LM;"Laurea Magistrale";www.econ.unito.it;
102509;"FINANCE AND INSURANCE";LM;"Laurea Magistrale";www.econ.unito.it;
008541;"SCIENZE  PER I BENI CULTURALI";LM;"Laurea Magistrale";http://stbeniculturali.campusnet.unito.it/cgi-bin/home.pl;
102503;ECONOMICS;LM;"Laurea Magistrale";www.econ.unito.it;
009704;"SERVIZIO SOCIALE";L;"Laurea triennale (DM270)";http://www.didattica-cps.unito.it;
102504;"ECONOMIA E DIREZIONE DELLE IMPRESE";LM;"Laurea Magistrale";http://www.econ.unito.it/didattica/info/dida020/ecodir;
005507;"STORIA DEL PATRIMONIO ARCHEOLOGICO E STORICO ARTISTICO";LM;"Laurea Magistrale";http://www.lettere.unito.it;
006503;"TEATRO E ARTI DELLA SCENA";LM;"Laurea Magistrale";http://sciformspec.campusnet.unito.it;
700946;"TECNICHE CHIRURGICHE AVANZATE IN MICRONEUROCHIRURGIA";M2;"Master di Secondo Livello";;
004502;"SCIENZE GIURIDICHE PER LE AMMINISTRAZIONI PUBBLICHE E PRIVATE";LM;"Laurea Magistrale";www.giurisprudenza.unito.it;
092117;"IT INFRASTRUCTURE";M1;"Master di Primo Livello";;
004704;"SCIENZE DEL DIRITTO ITALIANO ED EUROPEO";L;"Laurea triennale (DM270)";http://www.giurisprudenza.unito.it/do/home.pl/View?doc=/Corsi_di_laurea/2014_15/Scienze_del_diritto_italiano_ed_europeo_2014_15.html;
071801;"CHIRURGIA TORACICA";SP5;"Scuola di Specializzazione";;
007805;"FISICA MEDICA";SP4;"Scuola di Specializzazione";;
206023;"PSICOLOGIA DELLA SALUTE";SP5;"Scuola di Specializzazione";;
306209;"DIDATTICA DELL'ITALIANO L2 (PERFIL 2)";CPA;"Corso di Perfezionamento";;
090512;"CONSERVAZIONE E RESTAURO DEI BENI CULTURALI (ABILITANTE AI SENSI DEL D.LGS N.42/2004)";LM5;"Laurea Magistrale Ciclo Unico 5 anni";http://conservazionerestauro.campusnet.unito.it/do/home.pl;
070706;"FISIOTERAPIA (ABILITANTE ALLA PROFESSIONE SANITARIA DI FISIOTERAPISTA)";L;"Laurea triennale (DM270)";http://medcto.campusnet.unito.it/do/home.pl;
007932;"CHIRURGIA LAPAROSCOPICA";M2;"Master di Secondo Livello";;
004110;"INTELLECTUAL PROPERTY";M2;"Master di Secondo Livello";;
700936;DEGLUTOLOGIA;M1;"Master di Primo Livello";;
006116;"COORDINATORE PEDAGOGICO NEI SERVIZI PER LA PRIMA INFANZIA";M1;"Master di Primo Livello";;
090125;"MANAGEMENT DELLA FORMAZIONE, DELLE POLITICHE DEL LAVORO E DELLE POLITICHE SOCIALI NEL NUOVO WELFARE LOCALE";M1;"Master di Primo Livello";;
700968;"ORGANIZZAZIONE E COORDINAMENTO DELL'ASSISTENZA INFERMIERISTICA.";M1;"Master di Primo Livello";;
700941;"ORGANIZZAZIONE E COORDINAMENTO DELL'ASSISTENZA INFERMIERISTICA";M1;"Master di Primo Livello";;
070723;"EDUCAZIONE PROFESSIONALE (ABILITANTE ALLA PROFESSIONE SANITARIA DI EDUCATORE PROFESSIONALE)";L;"Laurea triennale (DM270)";http://eduprof.campusnet.unito.it;
008542;"SCIENZE GEOLOGICHE APPLICATE";LM;"Laurea Magistrale";http://geologia.campusnet.unito.it/do/home.pl/View?doc=SGAM.htm;
102105;"MARKETING E COMUNICAZIONE";M1;"Master di Primo Livello";;
092126;"ANALISTI DI PRODUZIONE CINEMATOGRAFICA E TELEVISIVA E COMUNICAZIONE CROSS-MEDIALE";M1;"Master di Primo Livello";;
070705;"OSTETRICIA (ABILITANTE ALLA PROFESSIONE SANITARIA DI OSTETRICA/O)";L;"Laurea triennale (DM270)";http://medsanna.campusnet.unito.it/do/home.pl;
700948;"EPATOLOGIA AVANZATA";M2;"Master di Secondo Livello";;
071103;"AFFIDO ETEROFAMILIARE SUPPORTATO";M1;"Master di Primo Livello";;
102512;"QUANTITATIVE FINANCE AND INSURANCE  - FINANZA QUANTITATIVA E ASSICURAZIONI";LM;"Laurea Magistrale";http://www.masters-finins.unito.it;
010801;"ISPEZIONE DEGLI ALIMENTI DI ORIGINE ANIMALE";SP3;"Scuola di Specializzazione";;
102111;"BUSINESS ADMINISTRATION (MBA)";M1;"Master di Primo Livello";;
700966;"MANAGEMENT INFERMIERISTICO IN GERIATRIA";M1;"Master di Primo Livello";;
071105;"PSICOLOGIA CLINICA IN ONCOLOGIA E NELLE PATOLOGIE AD ALTO CARICO EMOTIVO";M2;"Master di Secondo Livello";;
090127;"PUBLIC PROCUREMENT MANAGEMENT FOR SUSTAINABLE DEVELOPMENT";M1;"Master di Primo Livello";;
004106;"INTERNATIONAL ORGANIZATION, INTENATIONAL CRIMINAL LAW AND CRIME PREVENTION";M1;"Master di Primo Livello";;
009108;"ORGANIZZAZIONE E SVILUPPO DELLE RISORSE UMANE";M2;"Master di Secondo Livello";;
070505;"SCIENZE DELLE PROFESSIONI SANITARIE TECNICHE DIAGNOSTICHE";LM;"Laurea Magistrale";http://diagnostiche.campusnet.unito.it/do/home.pl;
700973;"ENDOSCOPIA DIGESTIVA";M1;"Master di Primo Livello";;
092402;"LA GESTIONE DI INTERVENTI INTEGRATI PER LE POLITICHE DI WELFARE";CAFP;"Corsi di alta formazione professionale";;
700971;"ALTA SPECIALIZZAZIONE IN TECNICHE AUDIOPROTESICHE";M1;"Master di Primo Livello";;
008240;"CHIMICA INDUSTRIALE";LS;"Laurea specialistica";www.chimicaindustriale.unito.it;
070305;"OSTETRICIA (ABILITANTE ALLA PROFESSIONE SANITARIA DI OSTETRICA/O)";LT;"Laurea triennale (DM509)";www.laureaostetricia.unito.it;
006210;"RAPPRESENTAZIONE AUDIOVISIVA E MULTIMEDIALE: LINGUAGGI, FORME, TEORIE.";LS;"Laurea specialistica";;
004203;GIURISPRUDENZA;LS;"Laurea specialistica";www.giurisprudenza.unito.it;
006206;"FORMAZIONE DEI FORMATORI";LS;"Laurea specialistica";www.sciform.unito.it;
007827;OFTALMOLOGIA;SP5;"Scuola di Specializzazione";;
007810;EMATOLOGIA;SP5;"Scuola di Specializzazione";;
007811;"ENDOCRINOLOGIA E MALATTIE DEL RICAMBIO";SP5;"Scuola di Specializzazione";;
004703;"DIRITTO ED ECONOMIA PER LE IMPRESE";L;"Laurea triennale (DM270)";www.giurisprudenza.unito.it;
006512;"CINEMA E NUOVI MEDIA";LM;"Laurea Magistrale";http://sciformspec.campusnet.unito.it;
057106;"A445 - LINGUA STRANIERA (SPAGNOLO)";TFA;"Tirocinio formativo attivo";;
071108;"GESTIONE CLINICA DELLE TALASSEMIE ED EMOGLOBINOPATIE";M2;"Master di Secondo Livello";;
007920;"ORTOGNATODONZIA E GNATOLOGIA (FUNZIONE MASTICATORIA)";M2;"Master di Secondo Livello";;
071109;"MINDFULNESS CLINICA-STRUMENTI PER L'APPLICAZIONE DELLA MINDFULNESS ALLA RIDUZIONE DELLA SOFFERENZA UMANA INDIVIDUALE E RELAZIONALE";M1;"Master di Primo Livello";;
2701L31;"DAMS (DISCIPLINE DELLE ARTI, DELLA MUSICA E DELLO SPETTACOLO)";L;"Laurea triennale (DM270)";http://cdsdams.campusnet.unito.it/do/home.pl;
2304M21;"ECONOMICS / ECONOMIA";LM;"Laurea Magistrale";http://www.masters-economics.unito.it/do/home.pl;
008110;"MATERIALI, MATEMATICA E MODELLI PER LA PRODUZIONE E LA PROGETTAZIONE";M2;"Master di Secondo Livello";;
102405;"ORGANIZZAZIONE E CONTROLLO DEI COSTI NELLA SANITA' PUBBLICA";CAFP;"Corsi di alta formazione professionale";;
M11002;"CURE PALLIATIVE E TERAPIA DEL DOLORE";M1;"Master di Primo Livello";;
PAS009;"A031 - EDUCAZIONE MUSICALE NEGLI ISTITUTI DI ISTRUZIONE SECONDARIA DI II GRADO";PAS;"Percorso abilitante speciale";;
M12003;"MANAGEMENT DELL'OSPITALITA' E DELLO SPORT";M1;"Master di Primo Livello";;
CFP001;"LA GESTIONE DELLA BANCA: ORGANIZZAZIONE E CREDITO";CAFP;"Corsi di alta formazione professionale";;
CFP002;"USO E INTERPRETAZIONE DEI DATI PER LE POLITICHE SOCIALI";CAFP;"Corsi di alta formazione professionale";;
CFP009;"QUESTIONI DI FAMIGLIA";CAFP;"Corsi di alta formazione professionale";;
CFP012;"BURNOUT: GESTIONE DELLO STRESS ED EFFICACIA COMUNICATIVA PER GLI OPERATORI DEI SERVIZI";CAFP;"Corsi di alta formazione professionale";;
M21010;"CURE PALLIATIVE E TERAPIA DEL DOLORE PER PSICOLOGI";M2;"Master di Secondo Livello";;
M11015;"GOUVERNANCE ET MANAGEMENT DES MARCHE PUBLICS EN APPUI AU DEVELOPPEMENT DURABLE";M1;"Master di Primo Livello";;
CFP024;"MANAGEMENT BILANCIO UNICO E TESORERIA NELL'UNIVERSITÀ";CAFP;"Corsi di alta formazione professionale";;
CFP030;"NUOVI MODELLI ORGANIZZATIVI APPLICATI ALLA P.A. LA LEAN ORGANISATION";CAFP;"Corsi di alta formazione professionale";;
CFP031;"LA VALUTAZIONE DELLA RICERCA NELLE UNIVERSITÀ";CAFP;"Corsi di alta formazione professionale";;
CFP026;"IL DIRITTO AMMINISTRATIVO DELLA PREVENZIONE E DEL CONTRASTO ALLA CORRUZIONE IN PARTICOLARE NEI CONTRATTI PUBBLICI";CAFP;"Corsi di alta formazione professionale";;
TFA039;"A004 - ARTE DEL TESSUTO DELLA MODA E DEL COSTUME";TFA;"Tirocinio formativo attivo";;
M21001;"ECOCARDIOGRAFIA IN AMBITO CARDIOCHIRURGICO, INTERVENTISTICO ED INTENSIVISTICO";M2;"Master di Secondo Livello";;
M21003;"ESPERTO DI METODOLOGIA A.B.A. PER I DISTURBI DELLO SPETTRO AUTISTICO";M2;"Master di Secondo Livello";;
290511;"SCIENZE VITICOLE ED ENOLOGICHE";LM;"Laurea Magistrale";http://agraria-offdid.campusnet.unito.it/do/home.pl/View?doc=paginecds/sc_vitic_enol_270_magistrali.html;
290701;"LINGUA E CULTURA ITALIANA PER STRANIERI";L;"Laurea triennale (DM270)";http://www.italicon.it/it/index.asp?codpage=laurea_t_b;
0304M21;"COMUNICAZIONE, ICT E MEDIA";LM;"Laurea Magistrale";http://www.didattica-cps.unito.it;
1105L31;"AMMINISTRAZIONE AZIENDALE";L;"Laurea triennale (DM270)";www.amministrazione-aziendale.unito.it/do/home.pl;
PAS019;"A060 - SCIENZE NATURALI, CHIMICA E GEOGRAFIA, MICROBIOLOGIA";PAS;"Percorso abilitante speciale";;
PASA06;"A051 - MATERIE LETTERARIE E LATINO NEI LICEI E NELL'ISTITUTO MAGISTRALE (UPO)";PAS;"Percorso abilitante speciale";;
PASP06;"C310 - LABORATORIO DI INFORMATICA INDUSTRIALE";PAS;"Percorso abilitante speciale";;
PAS028;"A446 - LINGUA E CIVILTA' STRANIERA (SPAGNOLO)";PAS;"Percorso abilitante speciale";;
M12005;"APPLIED LABOUR ECONOMICS FOR DEVELOPMENT";M1;"Master di Primo Livello";;
CFP005;"PARI OPPORTUNITA' A SCUOLA. STRATEGIE DI CONVIVENZA, DI CONTRASTO, DI SOSTEGNO";CAFP;"Corsi di alta formazione professionale";;
TFA019;"A034 - ELETTRONICA";TFA;"Tirocinio formativo attivo";;
M22006;"ECOGRAFIA DIAGNOSTICA E INTERVENTISTICA MUSCOLO-SCHELETRICA";M2;"Master di Secondo Livello";;
TFA029;"A013 - CHIMICA E TECNOLOGIE CHIMICHE";TFA;"Tirocinio formativo attivo";;
TFA054;"A057 - SCIENZA DEGLI ALIMENTI";TFA;"Tirocinio formativo attivo";;
TFA033;"A070 - TECNOLOGIE TESSILI";TFA;"Tirocinio formativo attivo";;
TFA058;"A245,A246: LINGUA STRANIERA (FRANCESE), LINGUA E CIVILTA' STRANIERA (FRANCESE)";TFA;"Tirocinio formativo attivo";;
M22010;"GESTIONE CLINICA DEI CASI ORTODONTICI COMPLESSI";M2;"Master di Secondo Livello";;
CPA005;"CONSULENZA TECNICA E PERIZIA MEDICO LEGALE NELLA RESPONSABILITA' SANITARIA";CPA;"Corso di Perfezionamento";;
M21016;"OPEN INNOVATION & INTELLECTUAL PROPERTY";M2;"Master di Secondo Livello";;
CPA006;"CHIRURGIA RICOSTRUTTIVA ED ONCOLOGICA IN UROLOGIA";CPA;"Corso di Perfezionamento";;
M11020;"QUALITA' E SICUREZZA DEGLI ALIMENTI";M1;"Master di Primo Livello";;
M11028;"MANAGEMENT DELL'OSPITALITA' E DELLO SPORT";M1;"Master di Primo Livello";;
TFA014;"A027 - DISEGNO TECNICO ED ARTISTICO";TFA;"Tirocinio formativo attivo";;
TFA008;"A072 - TOPOGRAFIA GENERALE, COSTRUZIONI RURALI E DISEGNO";TFA;"Tirocinio formativo attivo";;
TFA012;"A024 - DISEGNO E STORIA DEL COSTUME";TFA;"Tirocinio formativo attivo";;
TFA035;"A071 - TECNOLOGIA E DISEGNO TECNICO";TFA;"Tirocinio formativo attivo";;
371001;"IMPLANTOLOGIA BIOLOGICAMENTE GUIDATA";CPA;"Corso di Perfezionamento";;
